nb_steps;percent_of_map_all;percent_of_map_1;astar_distances_1;euclidean_distances_1;seen_gridmap_1;percent_of_map_2;astar_distances_2;euclidean_distances_2;seen_gridmap_2;percent_of_map_3;astar_distances_3;euclidean_distances_3;seen_gridmap_3
1;0.1125;0.1125;[0.0, 1.0, 2.0];[0.0, 1.4142135623730951, 2.8284271247461903];"Int8[2 2 2 2 1 0 0 0 0 0 0 0 0 0 0 0 0 0 0 0; 2 2 2 1 1 0 0 0 0 0 0 0 0 0 0 0 0 0 0 0; 2 2 1 1 1 1 0 0 0 0 0 0 0 0 0 0 0 0 0 0; 2 1 1 1 1 0 0 0 0 0 0 0 0 0 0 0 0 0 0 0; 1 1 1 1 1 0 0 0 0 0 0 0 0 0 0 0 0 0 0 0; 0 0 1 0 0 0 0 0 0 0 0 0 0 0 0 0 0 0 0 0; 0 0 0 0 0 0 0 0 0 0 0 0 0 0 0 0 0 0 0 0; 0 0 0 0 0 0 0 0 0 0 0 0 0 0 0 0 0 0 0 0; 0 0 0 0 0 0 0 0 0 0 0 0 0 0 0 0 0 0 0 0; 0 0 0 0 0 0 0 0 0 0 0 0 0 0 0 0 0 0 0 0; 0 0 0 0 0 0 0 0 0 0 0 0 0 0 0 0 0 0 0 0; 0 0 0 0 0 0 0 0 0 0 0 0 0 0 0 0 0 0 0 0; 0 0 0 0 0 0 0 0 0 0 0 0 0 0 0 0 0 0 0 0; 0 0 0 0 0 0 0 0 0 0 0 0 0 0 0 0 0 0 0 0; 0 0 0 0 0 0 0 0 0 0 0 0 0 0 0 0 0 0 0 0; 0 0 0 0 0 0 0 0 0 0 0 0 0 0 0 0 0 0 0 0; 0 0 0 0 0 0 0 0 0 0 0 0 0 0 0 0 0 0 0 0; 0 0 0 0 0 0 0 0 0 0 0 0 0 0 0 0 0 0 0 0; 0 0 0 0 0 0 0 0 0 0 0 0 0 0 0 0 0 0 0 0; 0 0 0 0 0 0 0 0 0 0 0 0 0 0 0 0 0 0 0 0]";0.0625;[1.0, 0.0, 1.0];[1.4142135623730951, 0.0, 1.4142135623730951];"Int8[2 2 2 2 0 0 0 0 0 0 0 0 0 0 0 0 0 0 0 0; 2 1 2 1 1 0 0 0 0 0 0 0 0 0 0 0 0 0 0 0; 2 2 1 0 0 0 0 0 0 0 0 0 0 0 0 0 0 0 0 0; 2 1 0 0 0 0 0 0 0 0 0 0 0 0 0 0 0 0 0 0; 0 1 0 0 0 0 0 0 0 0 0 0 0 0 0 0 0 0 0 0; 0 0 0 0 0 0 0 0 0 0 0 0 0 0 0 0 0 0 0 0; 0 0 0 0 0 0 0 0 0 0 0 0 0 0 0 0 0 0 0 0; 0 0 0 0 0 0 0 0 0 0 0 0 0 0 0 0 0 0 0 0; 0 0 0 0 0 0 0 0 0 0 0 0 0 0 0 0 0 0 0 0; 0 0 0 0 0 0 0 0 0 0 0 0 0 0 0 0 0 0 0 0; 0 0 0 0 0 0 0 0 0 0 0 0 0 0 0 0 0 0 0 0; 0 0 0 0 0 0 0 0 0 0 0 0 0 0 0 0 0 0 0 0; 0 0 0 0 0 0 0 0 0 0 0 0 0 0 0 0 0 0 0 0; 0 0 0 0 0 0 0 0 0 0 0 0 0 0 0 0 0 0 0 0; 0 0 0 0 0 0 0 0 0 0 0 0 0 0 0 0 0 0 0 0; 0 0 0 0 0 0 0 0 0 0 0 0 0 0 0 0 0 0 0 0; 0 0 0 0 0 0 0 0 0 0 0 0 0 0 0 0 0 0 0 0; 0 0 0 0 0 0 0 0 0 0 0 0 0 0 0 0 0 0 0 0; 0 0 0 0 0 0 0 0 0 0 0 0 0 0 0 0 0 0 0 0; 0 0 0 0 0 0 0 0 0 0 0 0 0 0 0 0 0 0 0 0]";0.04583333333333333;[2.0, 1.0, 0.0];[2.8284271247461903, 1.4142135623730951, 0.0];"Int8[1 2 2 2 0 0 0 0 0 0 0 0 0 0 0 0 0 0 0 0; 2 1 1 0 0 0 0 0 0 0 0 0 0 0 0 0 0 0 0 0; 2 1 1 0 0 0 0 0 0 0 0 0 0 0 0 0 0 0 0 0; 2 0 0 0 0 0 0 0 0 0 0 0 0 0 0 0 0 0 0 0; 0 0 0 0 0 0 0 0 0 0 0 0 0 0 0 0 0 0 0 0; 0 0 0 0 0 0 0 0 0 0 0 0 0 0 0 0 0 0 0 0; 0 0 0 0 0 0 0 0 0 0 0 0 0 0 0 0 0 0 0 0; 0 0 0 0 0 0 0 0 0 0 0 0 0 0 0 0 0 0 0 0; 0 0 0 0 0 0 0 0 0 0 0 0 0 0 0 0 0 0 0 0; 0 0 0 0 0 0 0 0 0 0 0 0 0 0 0 0 0 0 0 0; 0 0 0 0 0 0 0 0 0 0 0 0 0 0 0 0 0 0 0 0; 0 0 0 0 0 0 0 0 0 0 0 0 0 0 0 0 0 0 0 0; 0 0 0 0 0 0 0 0 0 0 0 0 0 0 0 0 0 0 0 0; 0 0 0 0 0 0 0 0 0 0 0 0 0 0 0 0 0 0 0 0; 0 0 0 0 0 0 0 0 0 0 0 0 0 0 0 0 0 0 0 0; 0 0 0 0 0 0 0 0 0 0 0 0 0 0 0 0 0 0 0 0; 0 0 0 0 0 0 0 0 0 0 0 0 0 0 0 0 0 0 0 0; 0 0 0 0 0 0 0 0 0 0 0 0 0 0 0 0 0 0 0 0; 0 0 0 0 0 0 0 0 0 0 0 0 0 0 0 0 0 0 0 0; 0 0 0 0 0 0 0 0 0 0 0 0 0 0 0 0 0 0 0 0]"
2;0.19583333333333333;0.1625;[0.0, 3.0, 4.0];[0.0, 3.0, 4.123105625617661];"Int8[2 2 2 2 1 0 0 0 0 0 0 0 0 0 0 0 0 0 0 0; 2 2 2 1 2 0 0 0 0 0 0 0 0 0 0 0 0 0 0 0; 2 2 2 2 2 2 1 0 0 0 0 0 0 0 0 0 0 0 0 0; 2 1 2 2 2 1 1 0 0 0 0 0 0 0 0 0 0 0 0 0; 1 2 2 2 1 1 1 1 0 0 0 0 0 0 0 0 0 0 0 0; 0 0 2 1 1 0 0 0 0 0 0 0 0 0 0 0 0 0 0 0; 0 0 1 1 1 0 0 0 0 0 0 0 0 0 0 0 0 0 0 0; 0 0 0 0 1 0 0 0 0 0 0 0 0 0 0 0 0 0 0 0; 0 0 0 0 0 0 0 0 0 0 0 0 0 0 0 0 0 0 0 0; 0 0 0 0 0 0 0 0 0 0 0 0 0 0 0 0 0 0 0 0; 0 0 0 0 0 0 0 0 0 0 0 0 0 0 0 0 0 0 0 0; 0 0 0 0 0 0 0 0 0 0 0 0 0 0 0 0 0 0 0 0; 0 0 0 0 0 0 0 0 0 0 0 0 0 0 0 0 0 0 0 0; 0 0 0 0 0 0 0 0 0 0 0 0 0 0 0 0 0 0 0 0; 0 0 0 0 0 0 0 0 0 0 0 0 0 0 0 0 0 0 0 0; 0 0 0 0 0 0 0 0 0 0 0 0 0 0 0 0 0 0 0 0; 0 0 0 0 0 0 0 0 0 0 0 0 0 0 0 0 0 0 0 0; 0 0 0 0 0 0 0 0 0 0 0 0 0 0 0 0 0 0 0 0; 0 0 0 0 0 0 0 0 0 0 0 0 0 0 0 0 0 0 0 0; 0 0 0 0 0 0 0 0 0 0 0 0 0 0 0 0 0 0 0 0]";0.12916666666666668;[3.0, 0.0, 4.0];[3.0, 0.0, 4.47213595499958];"Int8[2 2 3 3 1 1 1 0 0 0 0 0 0 0 0 0 0 0 0 0; 2 2 3 2 1 1 1 1 0 0 0 0 0 0 0 0 0 0 0 0; 2 2 2 1 1 1 1 0 0 0 0 0 0 0 0 0 0 0 0 0; 2 1 1 1 1 1 1 0 0 0 0 0 0 0 0 0 0 0 0 0; 0 1 0 0 1 0 0 0 0 0 0 0 0 0 0 0 0 0 0 0; 0 0 0 0 0 0 0 0 0 0 0 0 0 0 0 0 0 0 0 0; 0 0 0 0 0 0 0 0 0 0 0 0 0 0 0 0 0 0 0 0; 0 0 0 0 0 0 0 0 0 0 0 0 0 0 0 0 0 0 0 0; 0 0 0 0 0 0 0 0 0 0 0 0 0 0 0 0 0 0 0 0; 0 0 0 0 0 0 0 0 0 0 0 0 0 0 0 0 0 0 0 0; 0 0 0 0 0 0 0 0 0 0 0 0 0 0 0 0 0 0 0 0; 0 0 0 0 0 0 0 0 0 0 0 0 0 0 0 0 0 0 0 0; 0 0 0 0 0 0 0 0 0 0 0 0 0 0 0 0 0 0 0 0; 0 0 0 0 0 0 0 0 0 0 0 0 0 0 0 0 0 0 0 0; 0 0 0 0 0 0 0 0 0 0 0 0 0 0 0 0 0 0 0 0; 0 0 0 0 0 0 0 0 0 0 0 0 0 0 0 0 0 0 0 0; 0 0 0 0 0 0 0 0 0 0 0 0 0 0 0 0 0 0 0 0; 0 0 0 0 0 0 0 0 0 0 0 0 0 0 0 0 0 0 0 0; 0 0 0 0 0 0 0 0 0 0 0 0 0 0 0 0 0 0 0 0; 0 0 0 0 0 0 0 0 0 0 0 0 0 0 0 0 0 0 0 0]";0.0875;[4.0, 4.0, 0.0];[4.123105625617661, 4.47213595499958, 0.0];"Int8[2 2 2 2 0 0 0 0 0 0 0 0 0 0 0 0 0 0 0 0; 3 2 2 0 0 0 0 0 0 0 0 0 0 0 0 0 0 0 0 0; 3 2 2 0 0 0 0 0 0 0 0 0 0 0 0 0 0 0 0 0; 2 1 1 1 0 0 0 0 0 0 0 0 0 0 0 0 0 0 0 0; 1 1 1 0 0 0 0 0 0 0 0 0 0 0 0 0 0 0 0 0; 1 1 1 0 0 0 0 0 0 0 0 0 0 0 0 0 0 0 0 0; 1 0 0 0 0 0 0 0 0 0 0 0 0 0 0 0 0 0 0 0; 0 0 0 0 0 0 0 0 0 0 0 0 0 0 0 0 0 0 0 0; 0 0 0 0 0 0 0 0 0 0 0 0 0 0 0 0 0 0 0 0; 0 0 0 0 0 0 0 0 0 0 0 0 0 0 0 0 0 0 0 0; 0 0 0 0 0 0 0 0 0 0 0 0 0 0 0 0 0 0 0 0; 0 0 0 0 0 0 0 0 0 0 0 0 0 0 0 0 0 0 0 0; 0 0 0 0 0 0 0 0 0 0 0 0 0 0 0 0 0 0 0 0; 0 0 0 0 0 0 0 0 0 0 0 0 0 0 0 0 0 0 0 0; 0 0 0 0 0 0 0 0 0 0 0 0 0 0 0 0 0 0 0 0; 0 0 0 0 0 0 0 0 0 0 0 0 0 0 0 0 0 0 0 0; 0 0 0 0 0 0 0 0 0 0 0 0 0 0 0 0 0 0 0 0; 0 0 0 0 0 0 0 0 0 0 0 0 0 0 0 0 0 0 0 0; 0 0 0 0 0 0 0 0 0 0 0 0 0 0 0 0 0 0 0 0; 0 0 0 0 0 0 0 0 0 0 0 0 0 0 0 0 0 0 0 0]"
3;0.30833333333333335;0.20416666666666666;[0.0, 6.0, 4.0];[0.0, 6.708203932499369, 4.123105625617661];"Int8[2 2 2 2 1 0 0 0 0 0 0 0 0 0 0 0 0 0 0 0; 2 2 2 1 2 0 0 0 0 0 0 0 0 0 0 0 0 0 0 0; 2 2 2 2 2 2 1 0 0 0 0 0 0 0 0 0 0 0 0 0; 2 1 2 2 2 1 1 0 0 0 0 0 0 0 0 0 0 0 0 0; 1 2 2 2 2 1 1 1 0 0 0 0 0 0 0 0 0 0 0 0; 0 0 3 2 2 0 0 0 0 0 0 0 0 0 0 0 0 0 0 0; 0 0 2 2 2 0 0 0 0 0 0 0 0 0 0 0 0 0 0 0; 0 1 1 1 1 0 0 0 0 0 0 0 0 0 0 0 0 0 0 0; 0 0 1 1 1 0 0 0 0 0 0 0 0 0 0 0 0 0 0 0; 0 0 1 1 1 0 0 0 0 0 0 0 0 0 0 0 0 0 0 0; 0 0 0 0 1 0 0 0 0 0 0 0 0 0 0 0 0 0 0 0; 0 0 0 0 0 0 0 0 0 0 0 0 0 0 0 0 0 0 0 0; 0 0 0 0 0 0 0 0 0 0 0 0 0 0 0 0 0 0 0 0; 0 0 0 0 0 0 0 0 0 0 0 0 0 0 0 0 0 0 0 0; 0 0 0 0 0 0 0 0 0 0 0 0 0 0 0 0 0 0 0 0; 0 0 0 0 0 0 0 0 0 0 0 0 0 0 0 0 0 0 0 0; 0 0 0 0 0 0 0 0 0 0 0 0 0 0 0 0 0 0 0 0; 0 0 0 0 0 0 0 0 0 0 0 0 0 0 0 0 0 0 0 0; 0 0 0 0 0 0 0 0 0 0 0 0 0 0 0 0 0 0 0 0; 0 0 0 0 0 0 0 0 0 0 0 0 0 0 0 0 0 0 0 0]";0.18333333333333332;[6.0, 0.0, 7.0];[6.708203932499369, 0.0, 8.602325267042627];"Int8[2 2 3 3 1 2 2 1 1 1 0 0 0 0 0 0 0 0 0 0; 2 2 3 2 2 2 2 1 1 1 1 0 0 0 0 0 0 0 0 0; 2 2 2 1 1 2 2 1 1 1 0 0 0 0 0 0 0 0 0 0; 2 1 1 1 1 2 2 1 1 1 0 0 0 0 0 0 0 0 0 0; 0 1 0 0 1 0 0 1 0 0 0 0 0 0 0 0 0 0 0 0; 0 0 0 0 0 0 0 0 0 0 0 0 0 0 0 0 0 0 0 0; 0 0 0 0 0 0 0 0 0 0 0 0 0 0 0 0 0 0 0 0; 0 0 0 0 0 0 0 0 0 0 0 0 0 0 0 0 0 0 0 0; 0 0 0 0 0 0 0 0 0 0 0 0 0 0 0 0 0 0 0 0; 0 0 0 0 0 0 0 0 0 0 0 0 0 0 0 0 0 0 0 0; 0 0 0 0 0 0 0 0 0 0 0 0 0 0 0 0 0 0 0 0; 0 0 0 0 0 0 0 0 0 0 0 0 0 0 0 0 0 0 0 0; 0 0 0 0 0 0 0 0 0 0 0 0 0 0 0 0 0 0 0 0; 0 0 0 0 0 0 0 0 0 0 0 0 0 0 0 0 0 0 0 0; 0 0 0 0 0 0 0 0 0 0 0 0 0 0 0 0 0 0 0 0; 0 0 0 0 0 0 0 0 0 0 0 0 0 0 0 0 0 0 0 0; 0 0 0 0 0 0 0 0 0 0 0 0 0 0 0 0 0 0 0 0; 0 0 0 0 0 0 0 0 0 0 0 0 0 0 0 0 0 0 0 0; 0 0 0 0 0 0 0 0 0 0 0 0 0 0 0 0 0 0 0 0; 0 0 0 0 0 0 0 0 0 0 0 0 0 0 0 0 0 0 0 0]";0.12916666666666668;[4.0, 7.0, 0.0];[4.123105625617661, 8.602325267042627, 0.0];"Int8[2 2 2 2 0 0 0 0 0 0 0 0 0 0 0 0 0 0 0 0; 3 2 2 0 0 0 0 0 0 0 0 0 0 0 0 0 0 0 0 0; 3 2 2 0 0 0 0 0 0 0 0 0 0 0 0 0 0 0 0 0; 3 1 1 1 0 0 0 0 0 0 0 0 0 0 0 0 0 0 0 0; 2 2 2 0 0 0 0 0 0 0 0 0 0 0 0 0 0 0 0 0; 2 2 2 0 0 0 0 0 0 0 0 0 0 0 0 0 0 0 0 0; 1 1 1 1 0 0 0 0 0 0 0 0 0 0 0 0 0 0 0 0; 1 1 1 0 0 0 0 0 0 0 0 0 0 0 0 0 0 0 0 0; 1 1 1 0 0 0 0 0 0 0 0 0 0 0 0 0 0 0 0 0; 1 0 0 0 0 0 0 0 0 0 0 0 0 0 0 0 0 0 0 0; 0 0 0 0 0 0 0 0 0 0 0 0 0 0 0 0 0 0 0 0; 0 0 0 0 0 0 0 0 0 0 0 0 0 0 0 0 0 0 0 0; 0 0 0 0 0 0 0 0 0 0 0 0 0 0 0 0 0 0 0 0; 0 0 0 0 0 0 0 0 0 0 0 0 0 0 0 0 0 0 0 0; 0 0 0 0 0 0 0 0 0 0 0 0 0 0 0 0 0 0 0 0; 0 0 0 0 0 0 0 0 0 0 0 0 0 0 0 0 0 0 0 0; 0 0 0 0 0 0 0 0 0 0 0 0 0 0 0 0 0 0 0 0; 0 0 0 0 0 0 0 0 0 0 0 0 0 0 0 0 0 0 0 0; 0 0 0 0 0 0 0 0 0 0 0 0 0 0 0 0 0 0 0 0; 0 0 0 0 0 0 0 0 0 0 0 0 0 0 0 0 0 0 0 0]"
4;0.45;0.275;[0.0, 11.0, 4.0];[0.0, 10.816653826391969, 4.123105625617661];"Int8[2 2 2 2 1 0 0 0 0 0 0 0 0 0 0 0 0 0 0 0; 2 2 2 1 2 0 0 0 0 0 0 0 0 0 0 0 0 0 0 0; 2 2 2 2 2 2 1 0 0 0 0 0 0 0 0 0 0 0 0 0; 2 1 2 2 2 1 1 0 0 0 0 0 0 0 0 0 0 0 0 0; 1 2 2 2 2 1 1 1 0 0 0 0 0 0 0 0 0 0 0 0; 0 0 3 2 2 0 0 0 0 0 0 0 0 0 0 0 0 0 0 0; 0 0 2 2 2 0 0 0 0 0 0 0 0 0 0 0 0 0 0 0; 0 1 1 1 2 0 0 0 0 0 0 0 0 0 0 0 0 0 0 0; 0 0 2 2 2 0 0 0 0 0 0 0 0 0 0 0 0 0 0 0; 0 0 2 2 2 0 0 0 0 0 0 0 0 0 0 0 0 0 0 0; 0 1 1 1 1 1 1 1 0 0 0 0 0 0 0 0 0 0 0 0; 0 0 1 1 1 1 1 0 0 0 0 0 0 0 0 0 0 0 0 0; 0 0 1 1 1 1 1 0 0 0 0 0 0 0 0 0 0 0 0 0; 0 0 0 0 1 0 0 0 0 0 0 0 0 0 0 0 0 0 0 0; 0 0 0 0 0 0 0 0 0 0 0 0 0 0 0 0 0 0 0 0; 0 0 0 0 0 0 0 0 0 0 0 0 0 0 0 0 0 0 0 0; 0 0 0 0 0 0 0 0 0 0 0 0 0 0 0 0 0 0 0 0; 0 0 0 0 0 0 0 0 0 0 0 0 0 0 0 0 0 0 0 0; 0 0 0 0 0 0 0 0 0 0 0 0 0 0 0 0 0 0 0 0; 0 0 0 0 0 0 0 0 0 0 0 0 0 0 0 0 0 0 0 0]";0.23333333333333334;[11.0, 0.0, 10.0];[10.816653826391969, 0.0, 12.806248474865697];"Int8[2 2 3 3 1 2 2 1 2 2 1 1 1 0 0 0 0 0 0 0; 2 2 3 2 2 2 2 2 2 2 1 1 1 0 0 0 0 0 0 0; 2 2 2 1 1 2 2 1 2 2 1 1 1 0 0 0 0 0 0 0; 2 1 1 1 1 2 2 1 2 2 1 1 1 0 0 0 0 0 0 0; 0 1 0 0 1 0 0 1 0 0 1 0 0 0 0 0 0 0 0 0; 0 0 0 0 0 0 0 0 0 0 0 0 0 0 0 0 0 0 0 0; 0 0 0 0 0 0 0 0 0 0 0 0 0 0 0 0 0 0 0 0; 0 0 0 0 0 0 0 0 0 0 0 0 0 0 0 0 0 0 0 0; 0 0 0 0 0 0 0 0 0 0 0 0 0 0 0 0 0 0 0 0; 0 0 0 0 0 0 0 0 0 0 0 0 0 0 0 0 0 0 0 0; 0 0 0 0 0 0 0 0 0 0 0 0 0 0 0 0 0 0 0 0; 0 0 0 0 0 0 0 0 0 0 0 0 0 0 0 0 0 0 0 0; 0 0 0 0 0 0 0 0 0 0 0 0 0 0 0 0 0 0 0 0; 0 0 0 0 0 0 0 0 0 0 0 0 0 0 0 0 0 0 0 0; 0 0 0 0 0 0 0 0 0 0 0 0 0 0 0 0 0 0 0 0; 0 0 0 0 0 0 0 0 0 0 0 0 0 0 0 0 0 0 0 0; 0 0 0 0 0 0 0 0 0 0 0 0 0 0 0 0 0 0 0 0; 0 0 0 0 0 0 0 0 0 0 0 0 0 0 0 0 0 0 0 0; 0 0 0 0 0 0 0 0 0 0 0 0 0 0 0 0 0 0 0 0; 0 0 0 0 0 0 0 0 0 0 0 0 0 0 0 0 0 0 0 0]";0.17083333333333334;[4.0, 10.0, 0.0];[4.123105625617661, 12.806248474865697, 0.0];"Int8[2 2 2 2 0 0 0 0 0 0 0 0 0 0 0 0 0 0 0 0; 3 2 2 0 0 0 0 0 0 0 0 0 0 0 0 0 0 0 0 0; 3 2 2 0 0 0 0 0 0 0 0 0 0 0 0 0 0 0 0 0; 3 1 1 1 0 0 0 0 0 0 0 0 0 0 0 0 0 0 0 0; 2 2 2 0 0 0 0 0 0 0 0 0 0 0 0 0 0 0 0 0; 2 2 2 0 0 0 0 0 0 0 0 0 0 0 0 0 0 0 0 0; 2 1 1 1 0 0 0 0 0 0 0 0 0 0 0 0 0 0 0 0; 2 2 2 0 0 0 0 0 0 0 0 0 0 0 0 0 0 0 0 0; 2 2 2 0 0 0 0 0 0 0 0 0 0 0 0 0 0 0 0 0; 1 1 1 1 0 0 0 0 0 0 0 0 0 0 0 0 0 0 0 0; 1 1 1 0 0 0 0 0 0 0 0 0 0 0 0 0 0 0 0 0; 1 1 1 0 0 0 0 0 0 0 0 0 0 0 0 0 0 0 0 0; 1 0 0 0 0 0 0 0 0 0 0 0 0 0 0 0 0 0 0 0; 0 0 0 0 0 0 0 0 0 0 0 0 0 0 0 0 0 0 0 0; 0 0 0 0 0 0 0 0 0 0 0 0 0 0 0 0 0 0 0 0; 0 0 0 0 0 0 0 0 0 0 0 0 0 0 0 0 0 0 0 0; 0 0 0 0 0 0 0 0 0 0 0 0 0 0 0 0 0 0 0 0; 0 0 0 0 0 0 0 0 0 0 0 0 0 0 0 0 0 0 0 0; 0 0 0 0 0 0 0 0 0 0 0 0 0 0 0 0 0 0 0 0; 0 0 0 0 0 0 0 0 0 0 0 0 0 0 0 0 0 0 0 0]"
5;0.5375;0.31666666666666665;[0.0, 11.0, 7.0];[0.0, 8.602325267042627, 7.280109889280518];"Int8[2 2 2 2 1 0 0 0 0 0 0 0 0 0 0 0 0 0 0 0; 2 2 2 1 2 0 0 0 0 0 0 0 0 0 0 0 0 0 0 0; 2 2 2 2 2 2 1 0 0 0 0 0 0 0 0 0 0 0 0 0; 2 1 2 2 2 1 1 0 0 0 0 0 0 0 0 0 0 0 0 0; 1 2 2 2 2 1 1 1 0 0 0 0 0 0 0 0 0 0 0 0; 0 0 3 2 2 0 0 0 0 0 0 0 0 0 0 0 0 0 0 0; 0 0 2 2 2 0 0 0 0 0 0 0 0 0 0 0 0 0 0 0; 0 1 1 1 2 0 0 0 0 0 0 0 0 0 0 0 0 0 0 0; 0 0 2 2 2 0 0 0 0 0 0 0 0 0 0 0 0 0 0 0; 0 0 2 2 2 0 0 0 0 0 0 0 0 0 0 0 0 0 0 0; 0 1 1 1 2 2 2 1 1 1 1 0 0 0 0 0 0 0 0 0; 0 0 1 1 1 2 2 1 1 1 0 0 0 0 0 0 0 0 0 0; 0 0 1 1 1 2 2 1 1 1 0 0 0 0 0 0 0 0 0 0; 0 0 0 0 1 0 0 1 0 0 0 0 0 0 0 0 0 0 0 0; 0 0 0 0 0 0 0 0 0 0 0 0 0 0 0 0 0 0 0 0; 0 0 0 0 0 0 0 0 0 0 0 0 0 0 0 0 0 0 0 0; 0 0 0 0 0 0 0 0 0 0 0 0 0 0 0 0 0 0 0 0; 0 0 0 0 0 0 0 0 0 0 0 0 0 0 0 0 0 0 0 0; 0 0 0 0 0 0 0 0 0 0 0 0 0 0 0 0 0 0 0 0; 0 0 0 0 0 0 0 0 0 0 0 0 0 0 0 0 0 0 0 0]";0.25;[11.0, 0.0, 15.0];[8.602325267042627, 0.0, 15.0];"Int8[2 2 3 3 1 2 2 1 2 2 1 1 2 0 0 0 0 0 0 0; 2 2 3 2 2 2 2 2 2 2 2 2 2 0 0 0 0 0 0 0; 2 2 2 1 1 2 2 1 2 2 2 2 2 0 0 0 0 0 0 0; 2 1 1 1 1 2 2 1 2 3 2 2 1 0 0 0 0 0 0 0; 0 1 0 0 1 0 0 1 0 0 2 1 1 0 0 0 0 0 0 0; 0 0 0 0 0 0 0 0 0 0 0 0 1 0 0 0 0 0 0 0; 0 0 0 0 0 0 0 0 0 0 0 0 1 0 0 0 0 0 0 0; 0 0 0 0 0 0 0 0 0 0 0 0 0 0 0 0 0 0 0 0; 0 0 0 0 0 0 0 0 0 0 0 0 0 0 0 0 0 0 0 0; 0 0 0 0 0 0 0 0 0 0 0 0 0 0 0 0 0 0 0 0; 0 0 0 0 0 0 0 0 0 0 0 0 0 0 0 0 0 0 0 0; 0 0 0 0 0 0 0 0 0 0 0 0 0 0 0 0 0 0 0 0; 0 0 0 0 0 0 0 0 0 0 0 0 0 0 0 0 0 0 0 0; 0 0 0 0 0 0 0 0 0 0 0 0 0 0 0 0 0 0 0 0; 0 0 0 0 0 0 0 0 0 0 0 0 0 0 0 0 0 0 0 0; 0 0 0 0 0 0 0 0 0 0 0 0 0 0 0 0 0 0 0 0; 0 0 0 0 0 0 0 0 0 0 0 0 0 0 0 0 0 0 0 0; 0 0 0 0 0 0 0 0 0 0 0 0 0 0 0 0 0 0 0 0; 0 0 0 0 0 0 0 0 0 0 0 0 0 0 0 0 0 0 0 0; 0 0 0 0 0 0 0 0 0 0 0 0 0 0 0 0 0 0 0 0]";0.20833333333333334;[7.0, 15.0, 0.0];[7.280109889280518, 15.0, 0.0];"Int8[2 2 2 2 0 0 0 0 0 0 0 0 0 0 0 0 0 0 0 0; 3 2 2 0 0 0 0 0 0 0 0 0 0 0 0 0 0 0 0 0; 3 2 2 0 0 0 0 0 0 0 0 0 0 0 0 0 0 0 0 0; 3 1 1 1 0 0 0 0 0 0 0 0 0 0 0 0 0 0 0 0; 2 2 2 0 0 0 0 0 0 0 0 0 0 0 0 0 0 0 0 0; 2 2 2 0 0 0 0 0 0 0 0 0 0 0 0 0 0 0 0 0; 2 1 1 1 0 0 0 0 0 0 0 0 0 0 0 0 0 0 0 0; 2 2 2 0 0 0 0 0 0 0 0 0 0 0 0 0 0 0 0 0; 2 2 2 0 0 0 0 0 0 0 0 0 0 0 0 0 0 0 0 0; 2 1 1 1 0 0 0 0 0 0 0 0 0 0 0 0 0 0 0 0; 2 2 2 0 0 0 0 0 0 0 0 0 0 0 0 0 0 0 0 0; 2 2 2 0 0 0 0 0 0 0 0 0 0 0 0 0 0 0 0 0; 1 1 1 1 0 0 0 0 0 0 0 0 0 0 0 0 0 0 0 0; 1 1 1 0 0 0 0 0 0 0 0 0 0 0 0 0 0 0 0 0; 1 1 0 0 0 0 0 0 0 0 0 0 0 0 0 0 0 0 0 0; 1 0 0 0 0 0 0 0 0 0 0 0 0 0 0 0 0 0 0 0; 0 0 0 0 0 0 0 0 0 0 0 0 0 0 0 0 0 0 0 0; 0 0 0 0 0 0 0 0 0 0 0 0 0 0 0 0 0 0 0 0; 0 0 0 0 0 0 0 0 0 0 0 0 0 0 0 0 0 0 0 0; 0 0 0 0 0 0 0 0 0 0 0 0 0 0 0 0 0 0 0 0]"
6;0.6125;0.3416666666666667;[0.0, 5.0, 10.0];[0.0, 4.47213595499958, 11.180339887498949];"Int8[2 2 2 2 1 0 0 0 0 0 0 0 0 0 0 0 0 0 0 0; 2 2 2 1 2 0 0 0 0 0 0 0 0 0 0 0 0 0 0 0; 2 2 2 2 2 2 1 0 0 0 0 0 0 0 0 0 0 0 0 0; 2 1 2 2 2 1 1 0 0 0 0 0 0 0 0 0 0 0 0 0; 1 2 2 2 2 1 1 1 0 0 0 0 0 0 0 0 0 0 0 0; 0 0 3 2 2 0 0 0 0 0 0 0 0 0 0 0 0 0 0 0; 0 0 2 2 2 0 0 0 0 0 0 0 0 0 0 0 0 0 0 0; 0 1 1 1 2 0 0 0 0 0 0 0 0 0 0 0 0 0 0 0; 0 0 2 2 2 0 0 0 0 0 0 0 0 0 0 0 0 0 0 0; 0 0 2 2 2 0 0 0 0 0 0 0 0 0 0 0 0 0 0 0; 0 1 1 1 2 2 2 2 2 2 1 1 1 1 0 0 0 0 0 0; 0 0 1 1 1 2 2 1 2 2 1 0 0 0 0 0 0 0 0 0; 0 0 1 1 1 2 2 1 2 2 1 0 0 0 0 0 0 0 0 0; 0 0 0 0 1 0 0 1 0 0 1 0 0 0 0 0 0 0 0 0; 0 0 0 0 0 0 0 0 0 0 0 0 0 0 0 0 0 0 0 0; 0 0 0 0 0 0 0 0 0 0 0 0 0 0 0 0 0 0 0 0; 0 0 0 0 0 0 0 0 0 0 0 0 0 0 0 0 0 0 0 0; 0 0 0 0 0 0 0 0 0 0 0 0 0 0 0 0 0 0 0 0; 0 0 0 0 0 0 0 0 0 0 0 0 0 0 0 0 0 0 0 0; 0 0 0 0 0 0 0 0 0 0 0 0 0 0 0 0 0 0 0 0]";0.275;[5.0, 0.0, 15.0];[4.47213595499958, 0.0, 15.0];"Int8[2 2 3 3 1 2 2 1 2 2 1 1 2 0 0 0 0 0 0 0; 2 2 3 2 2 2 2 2 2 2 2 2 2 0 0 0 0 0 0 0; 2 2 2 1 1 2 2 1 2 2 2 2 2 0 0 0 0 0 0 0; 2 1 1 1 1 2 2 1 2 3 2 2 2 0 0 0 0 0 0 0; 0 1 0 0 1 0 0 1 0 0 2 1 2 0 0 0 0 0 0 0; 0 0 0 0 0 0 0 0 0 0 0 0 2 0 0 0 0 0 0 0; 0 0 0 0 0 0 0 0 0 0 0 0 1 0 0 0 0 0 0 0; 0 0 0 0 0 0 0 0 0 0 0 0 1 1 0 0 0 0 0 0; 0 0 0 0 0 0 0 0 0 0 0 0 1 1 1 0 0 0 0 0; 0 0 0 0 0 0 0 0 0 0 0 0 1 0 0 0 0 0 0 0; 0 0 0 0 0 0 0 0 0 0 0 0 0 0 0 0 0 0 0 0; 0 0 0 0 0 0 0 0 0 0 0 0 0 0 0 0 0 0 0 0; 0 0 0 0 0 0 0 0 0 0 0 0 0 0 0 0 0 0 0 0; 0 0 0 0 0 0 0 0 0 0 0 0 0 0 0 0 0 0 0 0; 0 0 0 0 0 0 0 0 0 0 0 0 0 0 0 0 0 0 0 0; 0 0 0 0 0 0 0 0 0 0 0 0 0 0 0 0 0 0 0 0; 0 0 0 0 0 0 0 0 0 0 0 0 0 0 0 0 0 0 0 0; 0 0 0 0 0 0 0 0 0 0 0 0 0 0 0 0 0 0 0 0; 0 0 0 0 0 0 0 0 0 0 0 0 0 0 0 0 0 0 0 0; 0 0 0 0 0 0 0 0 0 0 0 0 0 0 0 0 0 0 0 0]";0.23333333333333334;[10.0, 15.0, 0.0];[11.180339887498949, 15.0, 0.0];"Int8[2 2 2 2 0 0 0 0 0 0 0 0 0 0 0 0 0 0 0 0; 3 2 2 0 0 0 0 0 0 0 0 0 0 0 0 0 0 0 0 0; 3 2 2 0 0 0 0 0 0 0 0 0 0 0 0 0 0 0 0 0; 3 1 1 1 0 0 0 0 0 0 0 0 0 0 0 0 0 0 0 0; 2 2 2 0 0 0 0 0 0 0 0 0 0 0 0 0 0 0 0 0; 2 2 2 0 0 0 0 0 0 0 0 0 0 0 0 0 0 0 0 0; 2 1 1 1 0 0 0 0 0 0 0 0 0 0 0 0 0 0 0 0; 2 2 2 0 0 0 0 0 0 0 0 0 0 0 0 0 0 0 0 0; 2 2 2 0 0 0 0 0 0 0 0 0 0 0 0 0 0 0 0 0; 2 1 1 1 0 0 0 0 0 0 0 0 0 0 0 0 0 0 0 0; 2 2 2 0 0 0 0 0 0 0 0 0 0 0 0 0 0 0 0 0; 2 2 2 0 0 0 0 0 0 0 0 0 0 0 0 0 0 0 0 0; 2 1 1 1 0 0 0 0 0 0 0 0 0 0 0 0 0 0 0 0; 2 2 2 0 0 0 0 0 0 0 0 0 0 0 0 0 0 0 0 0; 2 2 0 0 0 0 0 0 0 0 0 0 0 0 0 0 0 0 0 0; 1 1 0 0 0 0 0 0 0 0 0 0 0 0 0 0 0 0 0 0; 1 1 0 0 0 0 0 0 0 0 0 0 0 0 0 0 0 0 0 0; 1 1 0 0 0 0 0 0 0 0 0 0 0 0 0 0 0 0 0 0; 1 0 0 0 0 0 0 0 0 0 0 0 0 0 0 0 0 0 0 0; 0 0 0 0 0 0 0 0 0 0 0 0 0 0 0 0 0 0 0 0]"
7;0.6833333333333333;0.39166666666666666;[0.0, 2.0, 16.0];[0.0, 2.23606797749979, 15.264337522473747];"Int8[2 2 2 2 1 0 0 0 0 0 0 0 0 0 0 0 0 0 0 0; 2 2 2 1 2 0 0 0 0 0 0 0 0 0 0 0 0 0 0 0; 2 2 2 2 2 2 1 0 0 0 0 0 0 0 0 0 0 0 0 0; 2 1 2 2 2 1 1 0 0 0 0 0 0 0 0 0 0 0 0 0; 1 2 2 2 2 1 1 1 0 0 0 0 0 0 0 0 0 0 0 0; 0 0 3 2 2 0 0 0 0 0 0 0 0 0 0 0 0 0 0 0; 0 0 2 2 2 0 0 0 0 0 0 0 0 0 0 0 0 0 0 0; 0 1 1 1 2 0 0 0 0 0 0 0 0 1 0 0 0 0 0 0; 0 0 2 2 2 0 0 0 0 0 0 0 1 1 1 1 0 0 0 0; 0 0 2 2 2 0 0 0 0 0 0 0 1 1 1 1 0 0 0 0; 0 1 1 1 2 2 2 2 2 2 2 2 2 1 1 1 1 0 0 0; 0 0 1 1 1 2 2 1 2 2 1 0 0 0 0 0 0 0 0 0; 0 0 1 1 1 2 2 1 2 2 1 0 0 0 0 0 0 0 0 0; 0 0 0 0 1 0 0 1 0 0 1 0 0 0 0 0 0 0 0 0; 0 0 0 0 0 0 0 0 0 0 0 0 0 0 0 0 0 0 0 0; 0 0 0 0 0 0 0 0 0 0 0 0 0 0 0 0 0 0 0 0; 0 0 0 0 0 0 0 0 0 0 0 0 0 0 0 0 0 0 0 0; 0 0 0 0 0 0 0 0 0 0 0 0 0 0 0 0 0 0 0 0; 0 0 0 0 0 0 0 0 0 0 0 0 0 0 0 0 0 0 0 0; 0 0 0 0 0 0 0 0 0 0 0 0 0 0 0 0 0 0 0 0]";0.3375;[2.0, 0.0, 17.0];[2.23606797749979, 0.0, 17.204650534085253];"Int8[2 2 3 3 1 2 2 1 2 2 1 1 2 0 0 0 0 0 0 0; 2 2 3 2 2 2 2 2 2 2 2 2 2 0 0 0 0 0 0 0; 2 2 2 1 1 2 2 1 2 2 2 2 2 0 0 0 0 0 0 0; 2 1 1 1 1 2 2 1 2 3 2 2 2 0 0 0 0 0 0 0; 0 1 0 0 1 0 0 1 0 0 2 1 2 0 0 0 0 0 0 0; 0 0 0 0 0 0 0 0 0 0 0 0 2 0 0 0 0 0 0 0; 0 0 0 0 0 0 0 0 0 0 0 0 2 0 0 0 0 0 0 0; 0 0 0 0 0 0 0 0 0 0 0 0 2 2 1 1 1 0 0 0; 0 0 0 0 0 0 0 0 0 0 0 0 2 2 1 1 1 1 0 0; 0 0 0 0 0 0 0 0 0 0 0 0 2 1 1 1 1 0 0 0; 0 0 0 0 0 0 0 0 0 0 0 0 1 1 1 1 1 0 0 0; 0 0 0 0 0 0 0 0 0 0 0 0 0 0 0 0 0 0 0 0; 0 0 0 0 0 0 0 0 0 0 0 0 0 0 0 0 0 0 0 0; 0 0 0 0 0 0 0 0 0 0 0 0 0 0 0 0 0 0 0 0; 0 0 0 0 0 0 0 0 0 0 0 0 0 0 0 0 0 0 0 0; 0 0 0 0 0 0 0 0 0 0 0 0 0 0 0 0 0 0 0 0; 0 0 0 0 0 0 0 0 0 0 0 0 0 0 0 0 0 0 0 0; 0 0 0 0 0 0 0 0 0 0 0 0 0 0 0 0 0 0 0 0; 0 0 0 0 0 0 0 0 0 0 0 0 0 0 0 0 0 0 0 0; 0 0 0 0 0 0 0 0 0 0 0 0 0 0 0 0 0 0 0 0]";0.25;[16.0, 17.0, 0.0];[15.264337522473747, 17.204650534085253, 0.0];"Int8[2 2 2 2 0 0 0 0 0 0 0 0 0 0 0 0 0 0 0 0; 3 2 2 0 0 0 0 0 0 0 0 0 0 0 0 0 0 0 0 0; 3 2 2 0 0 0 0 0 0 0 0 0 0 0 0 0 0 0 0 0; 3 1 1 1 0 0 0 0 0 0 0 0 0 0 0 0 0 0 0 0; 2 2 2 0 0 0 0 0 0 0 0 0 0 0 0 0 0 0 0 0; 2 2 2 0 0 0 0 0 0 0 0 0 0 0 0 0 0 0 0 0; 2 1 1 1 0 0 0 0 0 0 0 0 0 0 0 0 0 0 0 0; 2 2 2 0 0 0 0 0 0 0 0 0 0 0 0 0 0 0 0 0; 2 2 2 0 0 0 0 0 0 0 0 0 0 0 0 0 0 0 0 0; 2 1 1 1 0 0 0 0 0 0 0 0 0 0 0 0 0 0 0 0; 2 2 2 0 0 0 0 0 0 0 0 0 0 0 0 0 0 0 0 0; 2 2 2 0 0 0 0 0 0 0 0 0 0 0 0 0 0 0 0 0; 2 1 1 1 0 0 0 0 0 0 0 0 0 0 0 0 0 0 0 0; 2 2 2 0 0 0 0 0 0 0 0 0 0 0 0 0 0 0 0 0; 2 2 0 0 0 0 0 0 0 0 0 0 0 0 0 0 0 0 0 0; 2 1 0 0 0 0 0 0 0 0 0 0 0 0 0 0 0 0 0 0; 2 2 0 0 0 0 0 0 0 0 0 0 0 0 0 0 0 0 0 0; 2 2 0 0 0 0 0 0 0 0 0 0 0 0 0 0 0 0 0 0; 1 1 0 0 0 0 0 0 0 0 0 0 0 0 0 0 0 0 0 0; 1 1 1 0 0 0 0 0 0 0 0 0 0 0 0 0 0 0 0 0]"
8;0.7166666666666667;0.43333333333333335;[0.0, 1.0, 20.0];[0.0, 1.4142135623730951, 18.35755975068582];"Int8[2 2 2 2 1 0 0 0 0 0 0 0 0 0 0 0 0 0 0 0; 2 2 2 1 2 0 0 0 0 0 0 0 0 0 0 0 0 0 0 0; 2 2 2 2 2 2 1 0 0 0 0 0 0 0 0 0 0 0 0 0; 2 1 2 2 2 1 1 0 0 0 0 0 0 0 0 0 0 0 0 0; 1 2 2 2 2 1 1 1 0 0 0 0 0 0 0 0 0 0 0 0; 0 0 3 2 2 0 0 0 0 0 0 0 0 0 0 0 0 0 0 0; 0 0 2 2 2 0 0 0 0 0 0 0 0 0 0 0 0 0 0 0; 0 1 1 1 2 0 0 0 0 0 0 0 0 1 0 0 1 0 0 0; 0 0 2 2 2 0 0 0 0 0 0 0 1 1 1 2 1 1 1 0; 0 0 2 2 2 0 0 0 0 0 0 0 1 1 2 2 1 1 1 0; 0 1 1 1 2 2 2 2 2 2 2 2 2 2 2 2 1 1 1 1; 0 0 1 1 1 2 2 1 2 2 1 0 0 0 0 0 0 0 0 0; 0 0 1 1 1 2 2 1 2 2 1 0 0 0 0 0 0 0 0 0; 0 0 0 0 1 0 0 1 0 0 1 0 0 0 0 0 0 0 0 0; 0 0 0 0 0 0 0 0 0 0 0 0 0 0 0 0 0 0 0 0; 0 0 0 0 0 0 0 0 0 0 0 0 0 0 0 0 0 0 0 0; 0 0 0 0 0 0 0 0 0 0 0 0 0 0 0 0 0 0 0 0; 0 0 0 0 0 0 0 0 0 0 0 0 0 0 0 0 0 0 0 0; 0 0 0 0 0 0 0 0 0 0 0 0 0 0 0 0 0 0 0 0; 0 0 0 0 0 0 0 0 0 0 0 0 0 0 0 0 0 0 0 0]";0.35;[1.0, 0.0, 19.0];[1.4142135623730951, 0.0, 18.027756377319946];"Int8[2 2 3 3 1 2 2 1 2 2 1 1 2 0 0 0 0 0 0 0; 2 2 3 2 2 2 2 2 2 2 2 2 2 0 0 0 0 0 0 0; 2 2 2 1 1 2 2 1 2 2 2 2 2 0 0 0 0 0 0 0; 2 1 1 1 1 2 2 1 2 3 2 2 2 0 0 0 0 0 0 0; 0 1 0 0 1 0 0 1 0 0 2 1 2 0 0 0 0 0 0 0; 0 0 0 0 0 0 0 0 0 0 0 0 2 0 0 0 0 0 0 0; 0 0 0 0 0 0 0 0 0 0 0 0 2 0 0 0 0 0 0 0; 0 0 0 0 0 0 0 0 0 0 0 0 2 3 2 2 2 1 0 0; 0 0 0 0 0 0 0 0 0 0 0 0 2 3 2 2 2 2 0 0; 0 0 0 0 0 0 0 0 0 0 0 0 3 2 2 1 2 1 1 0; 0 0 0 0 0 0 0 0 0 0 0 0 1 2 2 2 1 0 0 0; 0 0 0 0 0 0 0 0 0 0 0 0 0 0 0 0 0 0 0 0; 0 0 0 0 0 0 0 0 0 0 0 0 0 0 0 0 0 0 0 0; 0 0 0 0 0 0 0 0 0 0 0 0 0 0 0 0 0 0 0 0; 0 0 0 0 0 0 0 0 0 0 0 0 0 0 0 0 0 0 0 0; 0 0 0 0 0 0 0 0 0 0 0 0 0 0 0 0 0 0 0 0; 0 0 0 0 0 0 0 0 0 0 0 0 0 0 0 0 0 0 0 0; 0 0 0 0 0 0 0 0 0 0 0 0 0 0 0 0 0 0 0 0; 0 0 0 0 0 0 0 0 0 0 0 0 0 0 0 0 0 0 0 0; 0 0 0 0 0 0 0 0 0 0 0 0 0 0 0 0 0 0 0 0]";0.25416666666666665;[20.0, 19.0, 0.0];[18.35755975068582, 18.027756377319946, 0.0];"Int8[2 2 2 2 0 0 0 0 0 0 0 0 0 0 0 0 0 0 0 0; 3 2 2 0 0 0 0 0 0 0 0 0 0 0 0 0 0 0 0 0; 3 2 2 0 0 0 0 0 0 0 0 0 0 0 0 0 0 0 0 0; 3 1 1 1 0 0 0 0 0 0 0 0 0 0 0 0 0 0 0 0; 2 2 2 0 0 0 0 0 0 0 0 0 0 0 0 0 0 0 0 0; 2 2 2 0 0 0 0 0 0 0 0 0 0 0 0 0 0 0 0 0; 2 1 1 1 0 0 0 0 0 0 0 0 0 0 0 0 0 0 0 0; 2 2 2 0 0 0 0 0 0 0 0 0 0 0 0 0 0 0 0 0; 2 2 2 0 0 0 0 0 0 0 0 0 0 0 0 0 0 0 0 0; 2 1 1 1 0 0 0 0 0 0 0 0 0 0 0 0 0 0 0 0; 2 2 2 0 0 0 0 0 0 0 0 0 0 0 0 0 0 0 0 0; 2 2 2 0 0 0 0 0 0 0 0 0 0 0 0 0 0 0 0 0; 2 1 1 1 0 0 0 0 0 0 0 0 0 0 0 0 0 0 0 0; 2 2 2 0 0 0 0 0 0 0 0 0 0 0 0 0 0 0 0 0; 2 2 0 0 0 0 0 0 0 0 0 0 0 0 0 0 0 0 0 0; 2 1 0 0 0 0 0 0 0 0 0 0 0 0 0 0 0 0 0 0; 3 2 0 0 0 0 0 0 0 0 0 0 0 0 0 0 0 0 0 0; 3 3 0 0 0 0 0 0 0 0 0 0 0 0 0 0 0 0 0 0; 2 2 0 0 0 0 0 0 0 0 0 0 0 0 0 0 0 0 0 0; 1 2 2 1 0 0 0 0 0 0 0 0 0 0 0 0 0 0 0 0]"
9;0.7666666666666667;0.4666666666666667;[0.0, 3.0, 22.0];[0.0, 3.605551275463989, 18.35755975068582];"Int8[2 2 2 2 1 0 0 0 0 0 0 0 0 0 0 0 0 0 0 0; 2 2 2 1 2 0 0 0 0 0 0 0 0 0 0 0 0 0 0 0; 2 2 2 2 2 2 1 0 0 0 0 0 0 0 0 0 0 0 0 0; 2 1 2 2 2 1 1 0 0 0 0 0 0 0 0 0 0 0 0 0; 1 2 2 2 2 1 1 1 0 0 0 0 0 0 0 0 0 0 0 0; 0 0 3 2 2 0 0 0 0 0 0 0 0 0 0 0 0 0 0 0; 0 0 2 2 2 0 0 0 0 0 0 0 0 0 0 0 0 0 0 0; 0 1 1 1 2 0 0 0 0 0 0 0 0 1 0 0 1 0 0 1; 0 0 2 2 2 0 0 0 0 0 0 0 1 1 1 2 1 2 2 1; 0 0 2 2 2 0 0 0 0 0 0 0 1 1 2 2 1 2 2 1; 0 1 1 1 2 2 2 2 2 2 2 2 2 2 2 2 2 2 2 1; 0 0 1 1 1 2 2 1 2 2 1 0 0 0 0 0 0 0 1 1; 0 0 1 1 1 2 2 1 2 2 1 0 0 0 0 0 0 0 1 1; 0 0 0 0 1 0 0 1 0 0 1 0 0 0 0 0 0 0 0 1; 0 0 0 0 0 0 0 0 0 0 0 0 0 0 0 0 0 0 0 0; 0 0 0 0 0 0 0 0 0 0 0 0 0 0 0 0 0 0 0 0; 0 0 0 0 0 0 0 0 0 0 0 0 0 0 0 0 0 0 0 0; 0 0 0 0 0 0 0 0 0 0 0 0 0 0 0 0 0 0 0 0; 0 0 0 0 0 0 0 0 0 0 0 0 0 0 0 0 0 0 0 0; 0 0 0 0 0 0 0 0 0 0 0 0 0 0 0 0 0 0 0 0]";0.375;[3.0, 0.0, 21.0];[3.605551275463989, 0.0, 18.439088914585774];"Int8[2 2 3 3 1 2 2 1 2 2 1 1 2 0 0 0 0 0 0 0; 2 2 3 2 2 2 2 2 2 2 2 2 2 0 0 0 0 0 0 0; 2 2 2 1 1 2 2 1 2 2 2 2 2 0 0 0 0 0 0 0; 2 1 1 1 1 2 2 1 2 3 2 2 2 0 0 0 0 0 0 0; 0 1 0 0 1 0 0 1 0 0 2 1 2 0 0 0 0 0 0 0; 0 0 0 0 0 0 0 0 0 0 0 0 2 0 0 0 0 0 0 0; 0 0 0 0 0 0 0 0 0 0 0 0 2 0 0 0 0 0 0 0; 0 0 0 0 0 0 0 0 0 0 0 0 2 3 3 3 3 1 1 1; 0 0 0 0 0 0 0 0 0 0 0 0 2 3 2 3 3 3 1 1; 0 0 0 0 0 0 0 0 0 0 0 0 3 2 2 2 3 2 2 1; 0 0 0 0 0 0 0 0 0 0 0 0 1 2 2 2 1 1 0 0; 0 0 0 0 0 0 0 0 0 0 0 0 0 0 0 0 0 0 0 0; 0 0 0 0 0 0 0 0 0 0 0 0 0 0 0 0 0 0 0 0; 0 0 0 0 0 0 0 0 0 0 0 0 0 0 0 0 0 0 0 0; 0 0 0 0 0 0 0 0 0 0 0 0 0 0 0 0 0 0 0 0; 0 0 0 0 0 0 0 0 0 0 0 0 0 0 0 0 0 0 0 0; 0 0 0 0 0 0 0 0 0 0 0 0 0 0 0 0 0 0 0 0; 0 0 0 0 0 0 0 0 0 0 0 0 0 0 0 0 0 0 0 0; 0 0 0 0 0 0 0 0 0 0 0 0 0 0 0 0 0 0 0 0; 0 0 0 0 0 0 0 0 0 0 0 0 0 0 0 0 0 0 0 0]";0.26666666666666666;[22.0, 21.0, 0.0];[18.35755975068582, 18.439088914585774, 0.0];"Int8[2 2 2 2 0 0 0 0 0 0 0 0 0 0 0 0 0 0 0 0; 3 2 2 0 0 0 0 0 0 0 0 0 0 0 0 0 0 0 0 0; 3 2 2 0 0 0 0 0 0 0 0 0 0 0 0 0 0 0 0 0; 3 1 1 1 0 0 0 0 0 0 0 0 0 0 0 0 0 0 0 0; 2 2 2 0 0 0 0 0 0 0 0 0 0 0 0 0 0 0 0 0; 2 2 2 0 0 0 0 0 0 0 0 0 0 0 0 0 0 0 0 0; 2 1 1 1 0 0 0 0 0 0 0 0 0 0 0 0 0 0 0 0; 2 2 2 0 0 0 0 0 0 0 0 0 0 0 0 0 0 0 0 0; 2 2 2 0 0 0 0 0 0 0 0 0 0 0 0 0 0 0 0 0; 2 1 1 1 0 0 0 0 0 0 0 0 0 0 0 0 0 0 0 0; 2 2 2 0 0 0 0 0 0 0 0 0 0 0 0 0 0 0 0 0; 2 2 2 0 0 0 0 0 0 0 0 0 0 0 0 0 0 0 0 0; 2 1 1 1 0 0 0 0 0 0 0 0 0 0 0 0 0 0 0 0; 2 2 2 0 0 0 0 0 0 0 0 0 0 0 0 0 0 0 0 0; 2 2 0 0 0 0 0 0 0 0 0 0 0 0 0 0 0 0 0 0; 2 1 0 0 0 0 0 0 0 0 0 0 0 0 0 0 0 0 0 0; 3 2 0 0 0 0 0 0 0 0 0 0 0 0 0 0 0 0 0 0; 3 3 0 0 0 0 0 0 0 0 0 0 0 0 0 0 0 0 0 0; 2 2 0 0 0 0 0 0 0 0 0 0 0 0 0 0 0 0 0 0; 2 3 3 1 1 1 1 0 0 0 0 0 0 0 0 0 0 0 0 0]"
10;0.8166666666666667;0.49166666666666664;[0.0, 6.0, 16.0];[0.0, 6.0, 14.317821063276353];"Int8[2 2 2 2 1 0 0 0 0 0 0 0 0 0 0 0 0 0 0 0; 2 2 2 1 2 0 0 0 0 0 0 0 0 0 0 0 0 0 0 0; 2 2 2 2 2 2 1 0 0 0 0 0 0 0 0 0 0 0 0 0; 2 1 2 2 2 1 1 0 0 0 0 0 0 0 0 0 0 0 0 0; 1 2 2 2 2 1 1 1 0 0 0 0 0 0 0 0 0 0 0 0; 0 0 3 2 2 0 0 0 0 0 0 0 0 0 0 0 0 0 0 0; 0 0 2 2 2 0 0 0 0 0 0 0 0 0 0 0 0 0 0 0; 0 1 1 1 2 0 0 0 0 0 0 0 0 1 0 0 1 0 0 1; 0 0 2 2 2 0 0 0 0 0 0 0 1 1 1 2 1 2 2 1; 0 0 2 2 2 0 0 0 0 0 0 0 1 1 2 2 1 2 2 1; 0 1 1 1 2 2 2 2 2 2 2 2 2 2 2 2 2 2 2 2; 0 0 1 1 1 2 2 1 2 2 1 0 0 0 0 0 0 0 2 2; 0 0 1 1 1 2 2 1 2 2 1 0 0 0 0 0 0 0 2 2; 0 0 0 0 1 0 0 1 0 0 1 0 0 0 0 0 0 0 1 1; 0 0 0 0 0 0 0 0 0 0 0 0 0 0 0 0 0 0 1 1; 0 0 0 0 0 0 0 0 0 0 0 0 0 0 0 0 0 0 1 1; 0 0 0 0 0 0 0 0 0 0 0 0 0 0 0 0 0 0 0 1; 0 0 0 0 0 0 0 0 0 0 0 0 0 0 0 0 0 0 0 0; 0 0 0 0 0 0 0 0 0 0 0 0 0 0 0 0 0 0 0 0; 0 0 0 0 0 0 0 0 0 0 0 0 0 0 0 0 0 0 0 0]";0.39166666666666666;[6.0, 0.0, 20.0];[6.0, 0.0, 17.69180601295413];"Int8[2 2 3 3 1 2 2 1 2 2 1 1 2 0 0 0 0 0 0 0; 2 2 3 2 2 2 2 2 2 2 2 2 2 0 0 0 0 0 0 0; 2 2 2 1 1 2 2 1 2 2 2 2 2 0 0 0 0 0 0 0; 2 1 1 1 1 2 2 1 2 3 2 2 2 0 0 0 0 0 0 0; 0 1 0 0 1 0 0 1 0 0 2 1 2 0 0 0 0 0 0 1; 0 0 0 0 0 0 0 0 0 0 0 0 2 0 0 0 0 0 0 1; 0 0 0 0 0 0 0 0 0 0 0 0 2 0 0 0 0 0 0 1; 0 0 0 0 0 0 0 0 0 0 0 0 2 3 3 3 4 2 2 1; 0 0 0 0 0 0 0 0 0 0 0 0 2 3 2 3 3 4 2 2; 0 0 0 0 0 0 0 0 0 0 0 0 3 2 2 2 3 3 3 2; 0 0 0 0 0 0 0 0 0 0 0 0 1 2 2 2 1 1 0 1; 0 0 0 0 0 0 0 0 0 0 0 0 0 0 0 0 0 0 0 0; 0 0 0 0 0 0 0 0 0 0 0 0 0 0 0 0 0 0 0 0; 0 0 0 0 0 0 0 0 0 0 0 0 0 0 0 0 0 0 0 0; 0 0 0 0 0 0 0 0 0 0 0 0 0 0 0 0 0 0 0 0; 0 0 0 0 0 0 0 0 0 0 0 0 0 0 0 0 0 0 0 0; 0 0 0 0 0 0 0 0 0 0 0 0 0 0 0 0 0 0 0 0; 0 0 0 0 0 0 0 0 0 0 0 0 0 0 0 0 0 0 0 0; 0 0 0 0 0 0 0 0 0 0 0 0 0 0 0 0 0 0 0 0; 0 0 0 0 0 0 0 0 0 0 0 0 0 0 0 0 0 0 0 0]";0.2791666666666667;[16.0, 20.0, 0.0];[14.317821063276353, 17.69180601295413, 0.0];"Int8[2 2 2 2 0 0 0 0 0 0 0 0 0 0 0 0 0 0 0 0; 3 2 2 0 0 0 0 0 0 0 0 0 0 0 0 0 0 0 0 0; 3 2 2 0 0 0 0 0 0 0 0 0 0 0 0 0 0 0 0 0; 3 1 1 1 0 0 0 0 0 0 0 0 0 0 0 0 0 0 0 0; 2 2 2 0 0 0 0 0 0 0 0 0 0 0 0 0 0 0 0 0; 2 2 2 0 0 0 0 0 0 0 0 0 0 0 0 0 0 0 0 0; 2 1 1 1 0 0 0 0 0 0 0 0 0 0 0 0 0 0 0 0; 2 2 2 0 0 0 0 0 0 0 0 0 0 0 0 0 0 0 0 0; 2 2 2 0 0 0 0 0 0 0 0 0 0 0 0 0 0 0 0 0; 2 1 1 1 0 0 0 0 0 0 0 0 0 0 0 0 0 0 0 0; 2 2 2 0 0 0 0 0 0 0 0 0 0 0 0 0 0 0 0 0; 2 2 2 0 0 0 0 0 0 0 0 0 0 0 0 0 0 0 0 0; 2 1 1 1 0 0 0 0 0 0 0 0 0 0 0 0 0 0 0 0; 2 2 2 0 0 0 0 0 0 0 0 0 0 0 0 0 0 0 0 0; 2 2 0 0 0 0 0 0 0 0 0 0 0 0 0 0 0 0 0 0; 2 1 0 0 0 0 0 0 0 0 0 0 0 0 0 0 0 0 0 0; 3 2 0 0 0 0 0 0 0 0 0 0 0 0 0 0 0 0 0 0; 3 3 0 0 0 0 0 0 0 0 0 0 0 0 0 0 0 0 0 0; 2 2 0 0 0 0 0 0 0 0 0 0 0 0 0 0 0 0 0 0; 2 3 3 2 2 2 1 1 1 1 0 0 0 0 0 0 0 0 0 0]"
11;0.8791666666666667;0.5208333333333334;[0.0, 12.0, 10.0];[0.0, 12.0, 10.44030650891055];"Int8[2 2 2 2 1 0 0 0 0 0 0 0 0 0 0 0 0 0 0 0; 2 2 2 1 2 0 0 0 0 0 0 0 0 0 0 0 0 0 0 0; 2 2 2 2 2 2 1 0 0 0 0 0 0 0 0 0 0 0 0 0; 2 1 2 2 2 1 1 0 0 0 0 0 0 0 0 0 0 0 0 0; 1 2 2 2 2 1 1 1 0 0 0 0 0 0 0 0 0 0 0 0; 0 0 3 2 2 0 0 0 0 0 0 0 0 0 0 0 0 0 0 0; 0 0 2 2 2 0 0 0 0 0 0 0 0 0 0 0 0 0 0 0; 0 1 1 1 2 0 0 0 0 0 0 0 0 1 0 0 1 0 0 1; 0 0 2 2 2 0 0 0 0 0 0 0 1 1 1 2 1 2 2 1; 0 0 2 2 2 0 0 0 0 0 0 0 1 1 2 2 1 2 2 1; 0 1 1 1 2 2 2 2 2 2 2 2 2 2 2 2 2 2 2 2; 0 0 1 1 1 2 2 1 2 2 1 0 0 0 0 0 0 0 2 2; 0 0 1 1 1 2 2 1 2 2 1 0 0 0 0 0 0 0 2 2; 0 0 0 0 1 0 0 1 0 0 1 0 0 0 0 0 0 0 1 2; 0 0 0 0 0 0 0 0 0 0 0 0 0 0 0 0 0 0 2 2; 0 0 0 0 0 0 0 0 0 0 0 0 0 0 0 0 0 0 2 2; 0 0 0 0 0 0 0 0 0 0 0 0 0 0 0 0 0 0 1 1; 0 0 0 0 0 0 0 0 0 0 0 0 0 0 0 0 0 0 1 1; 0 0 0 0 0 0 0 0 0 0 0 0 0 0 0 0 0 1 1 1; 0 0 0 0 0 0 0 0 0 0 0 0 0 0 0 0 0 0 0 1]";0.4041666666666667;[12.0, 0.0, 19.0];[12.0, 0.0, 18.027756377319946];"Int8[2 2 3 3 1 2 2 1 2 2 1 1 2 0 0 0 0 0 0 0; 2 2 3 2 2 2 2 2 2 2 2 2 2 0 0 0 0 0 0 1; 2 2 2 1 1 2 2 1 2 2 2 2 2 0 0 0 0 0 0 1; 2 1 1 1 1 2 2 1 2 3 2 2 2 0 0 0 0 0 0 1; 0 1 0 0 1 0 0 1 0 0 2 1 2 0 0 0 0 0 0 1; 0 0 0 0 0 0 0 0 0 0 0 0 2 0 0 0 0 0 0 2; 0 0 0 0 0 0 0 0 0 0 0 0 2 0 0 0 0 0 0 2; 0 0 0 0 0 0 0 0 0 0 0 0 2 3 3 3 4 2 2 2; 0 0 0 0 0 0 0 0 0 0 0 0 2 3 2 3 3 4 2 2; 0 0 0 0 0 0 0 0 0 0 0 0 3 2 2 2 3 3 3 2; 0 0 0 0 0 0 0 0 0 0 0 0 1 2 2 2 1 1 0 1; 0 0 0 0 0 0 0 0 0 0 0 0 0 0 0 0 0 0 0 0; 0 0 0 0 0 0 0 0 0 0 0 0 0 0 0 0 0 0 0 0; 0 0 0 0 0 0 0 0 0 0 0 0 0 0 0 0 0 0 0 0; 0 0 0 0 0 0 0 0 0 0 0 0 0 0 0 0 0 0 0 0; 0 0 0 0 0 0 0 0 0 0 0 0 0 0 0 0 0 0 0 0; 0 0 0 0 0 0 0 0 0 0 0 0 0 0 0 0 0 0 0 0; 0 0 0 0 0 0 0 0 0 0 0 0 0 0 0 0 0 0 0 0; 0 0 0 0 0 0 0 0 0 0 0 0 0 0 0 0 0 0 0 0; 0 0 0 0 0 0 0 0 0 0 0 0 0 0 0 0 0 0 0 0]";0.3;[10.0, 19.0, 0.0];[10.44030650891055, 18.027756377319946, 0.0];"Int8[2 2 2 2 0 0 0 0 0 0 0 0 0 0 0 0 0 0 0 0; 3 2 2 0 0 0 0 0 0 0 0 0 0 0 0 0 0 0 0 0; 3 2 2 0 0 0 0 0 0 0 0 0 0 0 0 0 0 0 0 0; 3 1 1 1 0 0 0 0 0 0 0 0 0 0 0 0 0 0 0 0; 2 2 2 0 0 0 0 0 0 0 0 0 0 0 0 0 0 0 0 0; 2 2 2 0 0 0 0 0 0 0 0 0 0 0 0 0 0 0 0 0; 2 1 1 1 0 0 0 0 0 0 0 0 0 0 0 0 0 0 0 0; 2 2 2 0 0 0 0 0 0 0 0 0 0 0 0 0 0 0 0 0; 2 2 2 0 0 0 0 0 0 0 0 0 0 0 0 0 0 0 0 0; 2 1 1 1 0 0 0 0 0 0 0 0 0 0 0 0 0 0 0 0; 2 2 2 0 0 0 0 0 0 0 0 0 0 0 0 0 0 0 0 0; 2 2 2 0 0 0 0 0 0 0 0 0 0 0 0 0 0 0 0 0; 2 1 1 1 0 0 0 0 0 0 0 0 0 0 0 0 0 0 0 0; 2 2 2 0 0 0 0 0 0 0 0 0 0 0 0 0 0 0 0 0; 2 2 0 0 0 0 0 0 0 0 0 0 0 0 0 0 0 0 0 0; 2 1 0 0 0 0 0 0 0 0 0 0 0 0 0 0 0 0 0 0; 3 2 0 0 0 0 0 0 0 0 0 0 0 0 0 0 0 0 0 0; 3 3 0 0 0 0 0 0 0 0 0 0 0 0 0 0 0 0 0 0; 2 2 0 0 0 0 0 0 0 0 1 1 0 0 0 0 0 0 0 0; 2 3 3 2 2 2 2 2 2 1 1 1 1 0 0 0 0 0 0 0]"
12;0.9375;0.55;[0.0, 17.0, 5.0];[0.0, 17.11724276862369, 5.0990195135927845];"Int8[2 2 2 2 1 0 0 0 0 0 0 0 0 0 0 0 0 0 0 0; 2 2 2 1 2 0 0 0 0 0 0 0 0 0 0 0 0 0 0 0; 2 2 2 2 2 2 1 0 0 0 0 0 0 0 0 0 0 0 0 0; 2 1 2 2 2 1 1 0 0 0 0 0 0 0 0 0 0 0 0 0; 1 2 2 2 2 1 1 1 0 0 0 0 0 0 0 0 0 0 0 0; 0 0 3 2 2 0 0 0 0 0 0 0 0 0 0 0 0 0 0 0; 0 0 2 2 2 0 0 0 0 0 0 0 0 0 0 0 0 0 0 0; 0 1 1 1 2 0 0 0 0 0 0 0 0 1 0 0 1 0 0 1; 0 0 2 2 2 0 0 0 0 0 0 0 1 1 1 2 1 2 2 1; 0 0 2 2 2 0 0 0 0 0 0 0 1 1 2 2 1 2 2 1; 0 1 1 1 2 2 2 2 2 2 2 2 2 2 2 2 2 2 2 2; 0 0 1 1 1 2 2 1 2 2 1 0 0 0 0 0 0 0 2 2; 0 0 1 1 1 2 2 1 2 2 1 0 0 0 0 0 0 0 2 2; 0 0 0 0 1 0 0 1 0 0 1 0 0 0 0 0 0 0 1 2; 0 0 0 0 0 0 0 0 0 0 0 0 0 0 0 0 0 0 2 2; 0 0 0 0 0 0 0 0 0 0 0 0 0 0 0 0 0 0 2 2; 0 0 0 0 0 0 0 0 0 0 0 0 0 0 0 0 0 0 1 2; 0 0 0 0 0 0 0 0 0 0 0 0 0 0 0 0 0 0 2 2; 0 0 0 0 0 0 0 0 0 0 0 0 0 0 1 1 1 1 2 2; 0 0 0 0 0 0 0 0 0 0 0 0 0 0 0 1 1 1 1 2]";0.4125;[17.0, 0.0, 22.0];[17.11724276862369, 0.0, 19.313207915827967];"Int8[2 2 3 3 1 2 2 1 2 2 1 1 2 0 0 0 0 0 1 1; 2 2 3 2 2 2 2 2 2 2 2 2 2 0 0 0 0 0 0 1; 2 2 2 1 1 2 2 1 2 2 2 2 2 0 0 0 0 0 0 2; 2 1 1 1 1 2 2 1 2 3 2 2 2 0 0 0 0 0 0 2; 0 1 0 0 1 0 0 1 0 0 2 1 2 0 0 0 0 0 0 2; 0 0 0 0 0 0 0 0 0 0 0 0 2 0 0 0 0 0 0 2; 0 0 0 0 0 0 0 0 0 0 0 0 2 0 0 0 0 0 0 2; 0 0 0 0 0 0 0 0 0 0 0 0 2 3 3 3 4 2 2 2; 0 0 0 0 0 0 0 0 0 0 0 0 2 3 2 3 3 4 2 2; 0 0 0 0 0 0 0 0 0 0 0 0 3 2 2 2 3 3 3 2; 0 0 0 0 0 0 0 0 0 0 0 0 1 2 2 2 1 1 0 1; 0 0 0 0 0 0 0 0 0 0 0 0 0 0 0 0 0 0 0 0; 0 0 0 0 0 0 0 0 0 0 0 0 0 0 0 0 0 0 0 0; 0 0 0 0 0 0 0 0 0 0 0 0 0 0 0 0 0 0 0 0; 0 0 0 0 0 0 0 0 0 0 0 0 0 0 0 0 0 0 0 0; 0 0 0 0 0 0 0 0 0 0 0 0 0 0 0 0 0 0 0 0; 0 0 0 0 0 0 0 0 0 0 0 0 0 0 0 0 0 0 0 0; 0 0 0 0 0 0 0 0 0 0 0 0 0 0 0 0 0 0 0 0; 0 0 0 0 0 0 0 0 0 0 0 0 0 0 0 0 0 0 0 0; 0 0 0 0 0 0 0 0 0 0 0 0 0 0 0 0 0 0 0 0]";0.32916666666666666;[5.0, 22.0, 0.0];[5.0990195135927845, 19.313207915827967, 0.0];"Int8[2 2 2 2 0 0 0 0 0 0 0 0 0 0 0 0 0 0 0 0; 3 2 2 0 0 0 0 0 0 0 0 0 0 0 0 0 0 0 0 0; 3 2 2 0 0 0 0 0 0 0 0 0 0 0 0 0 0 0 0 0; 3 1 1 1 0 0 0 0 0 0 0 0 0 0 0 0 0 0 0 0; 2 2 2 0 0 0 0 0 0 0 0 0 0 0 0 0 0 0 0 0; 2 2 2 0 0 0 0 0 0 0 0 0 0 0 0 0 0 0 0 0; 2 1 1 1 0 0 0 0 0 0 0 0 0 0 0 0 0 0 0 0; 2 2 2 0 0 0 0 0 0 0 0 0 0 0 0 0 0 0 0 0; 2 2 2 0 0 0 0 0 0 0 0 0 0 0 0 0 0 0 0 0; 2 1 1 1 0 0 0 0 0 0 0 0 0 0 0 0 0 0 0 0; 2 2 2 0 0 0 0 0 0 0 0 0 0 0 0 0 0 0 0 0; 2 2 2 0 0 0 0 0 0 0 0 0 0 0 0 0 0 0 0 0; 2 1 1 1 0 0 0 0 0 0 0 0 0 0 0 0 0 0 0 0; 2 2 2 0 0 0 0 0 0 0 0 0 0 0 0 0 0 0 0 0; 2 2 0 0 0 0 0 0 0 0 0 0 0 0 0 0 0 0 0 0; 2 1 0 0 0 0 0 0 0 0 0 0 0 0 0 0 0 0 0 0; 3 2 0 0 0 0 0 0 0 0 0 0 0 0 0 0 0 0 0 0; 3 3 0 0 0 0 0 0 0 0 1 0 0 0 0 0 0 0 0 0; 2 2 0 0 0 0 0 0 0 0 2 2 1 1 1 0 0 0 0 0; 2 3 3 2 2 2 2 2 2 2 2 2 1 1 1 1 0 0 0 0]"
13;0.9625;0.575;[0.0, 21.0, 4.0];[0.0, 18.439088914585774, 4.123105625617661];"Int8[2 2 2 2 1 0 0 0 0 0 0 0 0 0 0 0 0 0 0 0; 2 2 2 1 2 0 0 0 0 0 0 0 0 0 0 0 0 0 0 0; 2 2 2 2 2 2 1 0 0 0 0 0 0 0 0 0 0 0 0 0; 2 1 2 2 2 1 1 0 0 0 0 0 0 0 0 0 0 0 0 0; 1 2 2 2 2 1 1 1 0 0 0 0 0 0 0 0 0 0 0 0; 0 0 3 2 2 0 0 0 0 0 0 0 0 0 0 0 0 0 0 0; 0 0 2 2 2 0 0 0 0 0 0 0 0 0 0 0 0 0 0 0; 0 1 1 1 2 0 0 0 0 0 0 0 0 1 0 0 1 0 0 1; 0 0 2 2 2 0 0 0 0 0 0 0 1 1 1 2 1 2 2 1; 0 0 2 2 2 0 0 0 0 0 0 0 1 1 2 2 1 2 2 1; 0 1 1 1 2 2 2 2 2 2 2 2 2 2 2 2 2 2 2 2; 0 0 1 1 1 2 2 1 2 2 1 0 0 0 0 0 0 0 2 2; 0 0 1 1 1 2 2 1 2 2 1 0 0 0 0 0 0 0 2 2; 0 0 0 0 1 0 0 1 0 0 1 0 0 0 0 0 0 0 1 2; 0 0 0 0 0 0 0 0 0 0 0 0 0 0 0 0 0 0 2 2; 0 0 0 0 0 0 0 0 0 0 0 0 0 0 0 0 0 0 2 2; 0 0 0 0 0 0 0 0 0 0 0 0 0 0 0 0 0 0 1 2; 0 0 0 0 0 0 0 0 0 0 0 0 0 0 0 0 0 0 2 2; 0 0 0 0 0 0 0 0 0 0 0 1 1 1 1 2 2 2 2 2; 0 0 0 0 0 0 0 0 0 0 0 0 1 1 1 2 2 1 1 2]";0.425;[21.0, 0.0, 22.0];[18.439088914585774, 0.0, 18.788294228055936];"Int8[2 2 3 3 1 2 2 1 2 2 1 1 2 0 0 1 1 1 1 2; 2 2 3 2 2 2 2 2 2 2 2 2 2 0 0 0 0 0 0 2; 2 2 2 1 1 2 2 1 2 2 2 2 2 0 0 0 0 0 0 2; 2 1 1 1 1 2 2 1 2 3 2 2 2 0 0 0 0 0 0 2; 0 1 0 0 1 0 0 1 0 0 2 1 2 0 0 0 0 0 0 2; 0 0 0 0 0 0 0 0 0 0 0 0 2 0 0 0 0 0 0 2; 0 0 0 0 0 0 0 0 0 0 0 0 2 0 0 0 0 0 0 2; 0 0 0 0 0 0 0 0 0 0 0 0 2 3 3 3 4 2 2 2; 0 0 0 0 0 0 0 0 0 0 0 0 2 3 2 3 3 4 2 2; 0 0 0 0 0 0 0 0 0 0 0 0 3 2 2 2 3 3 3 2; 0 0 0 0 0 0 0 0 0 0 0 0 1 2 2 2 1 1 0 1; 0 0 0 0 0 0 0 0 0 0 0 0 0 0 0 0 0 0 0 0; 0 0 0 0 0 0 0 0 0 0 0 0 0 0 0 0 0 0 0 0; 0 0 0 0 0 0 0 0 0 0 0 0 0 0 0 0 0 0 0 0; 0 0 0 0 0 0 0 0 0 0 0 0 0 0 0 0 0 0 0 0; 0 0 0 0 0 0 0 0 0 0 0 0 0 0 0 0 0 0 0 0; 0 0 0 0 0 0 0 0 0 0 0 0 0 0 0 0 0 0 0 0; 0 0 0 0 0 0 0 0 0 0 0 0 0 0 0 0 0 0 0 0; 0 0 0 0 0 0 0 0 0 0 0 0 0 0 0 0 0 0 0 0; 0 0 0 0 0 0 0 0 0 0 0 0 0 0 0 0 0 0 0 0]";0.3416666666666667;[4.0, 22.0, 0.0];[4.123105625617661, 18.788294228055936, 0.0];"Int8[2 2 2 2 0 0 0 0 0 0 0 0 0 0 0 0 0 0 0 0; 3 2 2 0 0 0 0 0 0 0 0 0 0 0 0 0 0 0 0 0; 3 2 2 0 0 0 0 0 0 0 0 0 0 0 0 0 0 0 0 0; 3 1 1 1 0 0 0 0 0 0 0 0 0 0 0 0 0 0 0 0; 2 2 2 0 0 0 0 0 0 0 0 0 0 0 0 0 0 0 0 0; 2 2 2 0 0 0 0 0 0 0 0 0 0 0 0 0 0 0 0 0; 2 1 1 1 0 0 0 0 0 0 0 0 0 0 0 0 0 0 0 0; 2 2 2 0 0 0 0 0 0 0 0 0 0 0 0 0 0 0 0 0; 2 2 2 0 0 0 0 0 0 0 0 0 0 0 0 0 0 0 0 0; 2 1 1 1 0 0 0 0 0 0 0 0 0 0 0 0 0 0 0 0; 2 2 2 0 0 0 0 0 0 0 0 0 0 0 0 0 0 0 0 0; 2 2 2 0 0 0 0 0 0 0 0 0 0 0 0 0 0 0 0 0; 2 1 1 1 0 0 0 0 0 0 0 0 0 0 0 0 0 0 0 0; 2 2 2 0 0 0 0 0 0 0 0 0 0 0 0 0 0 0 0 0; 2 2 0 0 0 0 0 0 0 0 1 0 0 0 0 0 0 0 0 0; 2 1 0 0 0 0 0 0 0 0 1 0 0 0 0 0 0 0 0 0; 3 2 0 0 0 0 0 0 0 0 1 0 0 0 0 0 0 0 0 0; 3 3 0 0 0 0 0 0 0 0 1 0 0 0 0 0 0 0 0 0; 2 2 0 0 0 0 0 0 0 0 3 3 1 1 1 0 0 0 0 0; 2 3 3 2 2 2 2 2 2 2 3 3 2 1 1 1 0 0 0 0]"
14;0.975;0.5958333333333333;[0.0, 20.0, 4.0];[0.0, 18.439088914585774, 4.123105625617661];"Int8[2 2 2 2 1 0 0 0 0 0 0 0 0 0 0 0 0 0 0 0; 2 2 2 1 2 0 0 0 0 0 0 0 0 0 0 0 0 0 0 0; 2 2 2 2 2 2 1 0 0 0 0 0 0 0 0 0 0 0 0 0; 2 1 2 2 2 1 1 0 0 0 0 0 0 0 0 0 0 0 0 0; 1 2 2 2 2 1 1 1 0 0 0 0 0 0 0 0 0 0 0 0; 0 0 3 2 2 0 0 0 0 0 0 0 0 0 0 0 0 0 0 0; 0 0 2 2 2 0 0 0 0 0 0 0 0 0 0 0 0 0 0 0; 0 1 1 1 2 0 0 0 0 0 0 0 0 1 0 0 1 0 0 1; 0 0 2 2 2 0 0 0 0 0 0 0 1 1 1 2 1 2 2 1; 0 0 2 2 2 0 0 0 0 0 0 0 1 1 2 2 1 2 2 1; 0 1 1 1 2 2 2 2 2 2 2 2 2 2 2 2 2 2 2 2; 0 0 1 1 1 2 2 1 2 2 1 0 0 0 0 0 0 0 2 2; 0 0 1 1 1 2 2 1 2 2 1 0 0 0 0 0 0 0 2 2; 0 0 0 0 1 0 0 1 0 0 1 0 0 0 0 0 0 0 1 2; 0 0 0 0 0 0 0 0 0 0 0 0 0 0 0 0 0 0 2 2; 0 0 0 0 0 0 0 0 0 0 0 0 0 0 0 0 0 0 2 2; 0 0 0 0 0 0 0 0 0 0 0 0 0 0 0 0 0 0 1 2; 0 0 0 0 0 0 0 0 0 0 1 0 0 0 0 0 0 0 2 2; 0 0 0 0 0 0 0 0 0 0 1 1 2 2 2 2 2 2 2 2; 0 0 0 0 0 0 0 0 0 1 1 1 2 2 1 2 2 1 1 2]";0.43333333333333335;[20.0, 0.0, 16.0];[18.439088914585774, 0.0, 14.866068747318506];"Int8[2 2 3 3 1 2 2 1 2 2 1 1 3 1 1 1 2 2 2 2; 2 2 3 2 2 2 2 2 2 2 2 2 2 0 0 0 0 0 0 2; 2 2 2 1 1 2 2 1 2 2 2 2 2 0 0 0 0 0 0 2; 2 1 1 1 1 2 2 1 2 3 2 2 2 0 0 0 0 0 0 2; 0 1 0 0 1 0 0 1 0 0 2 1 2 0 0 0 0 0 0 2; 0 0 0 0 0 0 0 0 0 0 0 0 2 0 0 0 0 0 0 2; 0 0 0 0 0 0 0 0 0 0 0 0 2 0 0 0 0 0 0 2; 0 0 0 0 0 0 0 0 0 0 0 0 2 3 3 3 4 2 2 2; 0 0 0 0 0 0 0 0 0 0 0 0 2 3 2 3 3 4 2 2; 0 0 0 0 0 0 0 0 0 0 0 0 3 2 2 2 3 3 3 2; 0 0 0 0 0 0 0 0 0 0 0 0 1 2 2 2 1 1 0 1; 0 0 0 0 0 0 0 0 0 0 0 0 0 0 0 0 0 0 0 0; 0 0 0 0 0 0 0 0 0 0 0 0 0 0 0 0 0 0 0 0; 0 0 0 0 0 0 0 0 0 0 0 0 0 0 0 0 0 0 0 0; 0 0 0 0 0 0 0 0 0 0 0 0 0 0 0 0 0 0 0 0; 0 0 0 0 0 0 0 0 0 0 0 0 0 0 0 0 0 0 0 0; 0 0 0 0 0 0 0 0 0 0 0 0 0 0 0 0 0 0 0 0; 0 0 0 0 0 0 0 0 0 0 0 0 0 0 0 0 0 0 0 0; 0 0 0 0 0 0 0 0 0 0 0 0 0 0 0 0 0 0 0 0; 0 0 0 0 0 0 0 0 0 0 0 0 0 0 0 0 0 0 0 0]";0.36666666666666664;[4.0, 16.0, 0.0];[4.123105625617661, 14.866068747318506, 0.0];"Int8[2 2 2 2 0 0 0 0 0 0 0 0 0 0 0 0 0 0 0 0; 3 2 2 0 0 0 0 0 0 0 0 0 0 0 0 0 0 0 0 0; 3 2 2 0 0 0 0 0 0 0 0 0 0 0 0 0 0 0 0 0; 3 1 1 1 0 0 0 0 0 0 0 0 0 0 0 0 0 0 0 0; 2 2 2 0 0 0 0 0 0 0 0 0 0 0 0 0 0 0 0 0; 2 2 2 0 0 0 0 0 0 0 0 0 0 0 0 0 0 0 0 0; 2 1 1 1 0 0 0 0 0 0 0 0 0 0 0 0 0 0 0 0; 2 2 2 0 0 0 0 0 0 0 0 0 0 0 0 0 0 0 0 0; 2 2 2 0 0 0 0 0 0 0 0 0 0 0 0 0 0 0 0 0; 2 1 1 1 0 0 0 0 0 0 0 0 0 0 0 0 0 0 0 0; 2 2 2 0 0 0 0 0 0 0 0 0 0 0 0 0 0 0 0 0; 2 2 2 0 0 0 0 0 0 0 1 0 0 0 0 0 0 0 0 0; 2 1 1 1 0 0 0 0 1 1 1 0 0 0 0 0 0 0 0 0; 2 2 2 0 0 0 0 0 0 1 1 0 0 0 0 0 0 0 0 0; 2 2 0 0 0 0 0 0 0 0 1 0 0 0 0 0 0 0 0 0; 2 1 0 0 0 0 0 0 0 0 2 0 0 0 0 0 0 0 0 0; 3 2 0 0 0 0 0 0 0 0 2 0 0 0 0 0 0 0 0 0; 3 3 0 0 0 0 0 0 0 0 2 0 0 0 0 0 0 0 0 0; 2 2 0 0 0 0 0 0 0 0 3 3 1 1 1 0 0 0 0 0; 2 3 3 2 2 2 2 2 2 2 3 3 2 1 1 1 0 0 0 0]"
15;0.9833333333333333;0.5958333333333333;[0.0, 19.0, 7.0];[0.0, 19.0, 8.06225774829855];"Int8[2 2 2 2 1 0 0 0 0 0 0 0 0 0 0 0 0 0 0 0; 2 2 2 1 2 0 0 0 0 0 0 0 0 0 0 0 0 0 0 0; 2 2 2 2 2 2 1 0 0 0 0 0 0 0 0 0 0 0 0 0; 2 1 2 2 2 1 1 0 0 0 0 0 0 0 0 0 0 0 0 0; 1 2 2 2 2 1 1 1 0 0 0 0 0 0 0 0 0 0 0 0; 0 0 3 2 2 0 0 0 0 0 0 0 0 0 0 0 0 0 0 0; 0 0 2 2 2 0 0 0 0 0 0 0 0 0 0 0 0 0 0 0; 0 1 1 1 2 0 0 0 0 0 0 0 0 1 0 0 1 0 0 1; 0 0 2 2 2 0 0 0 0 0 0 0 1 1 1 2 1 2 2 1; 0 0 2 2 2 0 0 0 0 0 0 0 1 1 2 2 1 2 2 1; 0 1 1 1 2 2 2 2 2 2 2 2 2 2 2 2 2 2 2 2; 0 0 1 1 1 2 2 1 2 2 1 0 0 0 0 0 0 0 2 2; 0 0 1 1 1 2 2 1 2 2 1 0 0 0 0 0 0 0 2 2; 0 0 0 0 1 0 0 1 0 0 1 0 0 0 0 0 0 0 1 2; 0 0 0 0 0 0 0 0 0 0 0 0 0 0 0 0 0 0 2 2; 0 0 0 0 0 0 0 0 0 0 0 0 0 0 0 0 0 0 2 2; 0 0 0 0 0 0 0 0 0 0 0 0 0 0 0 0 0 0 1 2; 0 0 0 0 0 0 0 0 0 0 2 0 0 0 0 0 0 0 2 2; 0 0 0 0 0 0 0 0 0 0 2 2 3 3 3 2 2 2 2 2; 0 0 0 0 0 0 0 0 0 2 2 2 2 3 2 3 2 1 1 2]";0.43333333333333335;[19.0, 0.0, 13.0];[19.0, 0.0, 12.649110640673518];"Int8[2 2 3 3 1 2 2 1 2 3 2 2 3 2 2 2 2 2 2 2; 2 2 3 2 2 2 2 2 2 2 3 3 3 0 0 0 0 0 0 2; 2 2 2 1 1 2 2 1 2 2 3 3 3 0 0 0 0 0 0 2; 2 1 1 1 1 2 2 1 2 3 2 2 3 0 0 0 0 0 0 2; 0 1 0 0 1 0 0 1 0 0 2 1 2 0 0 0 0 0 0 2; 0 0 0 0 0 0 0 0 0 0 0 0 2 0 0 0 0 0 0 2; 0 0 0 0 0 0 0 0 0 0 0 0 2 0 0 0 0 0 0 2; 0 0 0 0 0 0 0 0 0 0 0 0 2 3 3 3 4 2 2 2; 0 0 0 0 0 0 0 0 0 0 0 0 2 3 2 3 3 4 2 2; 0 0 0 0 0 0 0 0 0 0 0 0 3 2 2 2 3 3 3 2; 0 0 0 0 0 0 0 0 0 0 0 0 1 2 2 2 1 1 0 1; 0 0 0 0 0 0 0 0 0 0 0 0 0 0 0 0 0 0 0 0; 0 0 0 0 0 0 0 0 0 0 0 0 0 0 0 0 0 0 0 0; 0 0 0 0 0 0 0 0 0 0 0 0 0 0 0 0 0 0 0 0; 0 0 0 0 0 0 0 0 0 0 0 0 0 0 0 0 0 0 0 0; 0 0 0 0 0 0 0 0 0 0 0 0 0 0 0 0 0 0 0 0; 0 0 0 0 0 0 0 0 0 0 0 0 0 0 0 0 0 0 0 0; 0 0 0 0 0 0 0 0 0 0 0 0 0 0 0 0 0 0 0 0; 0 0 0 0 0 0 0 0 0 0 0 0 0 0 0 0 0 0 0 0; 0 0 0 0 0 0 0 0 0 0 0 0 0 0 0 0 0 0 0 0]";0.42916666666666664;[7.0, 13.0, 0.0];[8.06225774829855, 12.649110640673518, 0.0];"Int8[2 2 2 2 0 0 0 0 0 0 0 0 0 0 0 0 0 0 0 0; 3 2 2 0 0 0 0 0 0 0 0 0 0 0 0 0 0 0 0 0; 3 2 2 0 0 0 0 0 0 0 0 0 0 0 0 0 0 0 0 0; 3 1 1 1 0 0 0 0 0 0 0 0 0 0 0 0 0 0 0 0; 2 2 2 0 0 0 0 0 0 0 0 0 0 0 0 0 0 0 0 0; 2 2 2 0 0 0 0 0 0 0 0 0 0 0 0 0 0 0 0 0; 2 1 1 1 0 0 0 0 0 0 0 0 0 0 0 0 0 0 0 0; 2 2 2 0 0 0 0 0 0 0 0 0 0 0 0 0 0 0 0 0; 2 2 2 0 0 0 0 0 0 0 0 0 0 0 0 0 0 0 0 0; 2 1 1 1 0 0 0 0 0 0 0 0 0 0 0 0 0 0 0 0; 2 2 2 0 0 0 1 1 1 1 1 0 0 0 0 0 0 0 0 0; 2 2 2 0 0 0 1 1 1 1 2 0 0 0 0 0 0 0 0 0; 2 1 1 1 0 1 1 1 1 2 2 0 0 0 0 0 0 0 0 0; 2 2 2 0 0 0 1 1 1 2 2 0 0 0 0 0 0 0 0 0; 2 2 0 0 0 0 0 0 0 0 2 0 0 0 0 0 0 0 0 0; 2 1 0 0 0 0 0 0 0 0 2 0 0 0 0 0 0 0 0 0; 3 2 0 0 0 0 0 0 0 0 2 0 0 0 0 0 0 0 0 0; 3 3 0 0 0 0 0 0 0 0 2 0 0 0 0 0 0 0 0 0; 2 2 0 0 0 0 0 0 0 0 3 3 1 1 1 0 0 0 0 0; 2 3 3 2 2 2 2 2 2 2 3 3 2 1 1 1 0 0 0 0]"
16;1.0;0.6083333333333333;[0.0, 15.0, 8.0];[0.0, 15.0, 7.0710678118654755];"Int8[2 2 2 2 1 0 0 0 0 0 0 0 0 0 0 0 0 0 0 0; 2 2 2 1 2 0 0 0 0 0 0 0 0 0 0 0 0 0 0 0; 2 2 2 2 2 2 1 0 0 0 0 0 0 0 0 0 0 0 0 0; 2 1 2 2 2 1 1 0 0 0 0 0 0 0 0 0 0 0 0 0; 1 2 2 2 2 1 1 1 0 0 0 0 0 0 0 0 0 0 0 0; 0 0 3 2 2 0 0 0 0 0 0 0 0 0 0 0 0 0 0 0; 0 0 2 2 2 0 0 0 0 0 0 0 0 0 0 0 0 0 0 0; 0 1 1 1 2 0 0 0 0 0 0 0 0 1 0 0 1 0 0 1; 0 0 2 2 2 0 0 0 0 0 0 0 1 1 1 2 1 2 2 1; 0 0 2 2 2 0 0 0 0 0 0 0 1 1 2 2 1 2 2 1; 0 1 1 1 2 2 2 2 2 2 2 2 2 2 2 2 2 2 2 2; 0 0 1 1 1 2 2 1 2 2 1 0 0 0 0 0 0 0 2 2; 0 0 1 1 1 2 2 1 2 2 1 0 0 0 0 0 0 0 2 2; 0 0 0 0 1 0 0 1 0 0 1 0 0 0 0 0 0 0 1 2; 0 0 0 0 0 0 0 0 0 0 1 0 0 0 0 0 0 0 2 2; 0 0 0 0 0 0 0 0 0 0 1 0 0 0 0 0 0 0 2 2; 0 0 0 0 0 0 0 0 0 0 1 0 0 0 0 0 0 0 1 2; 0 0 0 0 0 0 0 0 0 0 2 0 0 0 0 0 0 0 2 2; 0 0 0 0 0 0 0 0 0 0 3 3 3 3 3 2 2 2 2 2; 0 0 0 0 0 0 0 0 0 2 3 3 3 3 2 3 2 1 1 2]";0.44166666666666665;[15.0, 0.0, 13.0];[15.0, 0.0, 11.180339887498949];"Int8[2 2 3 3 1 2 2 1 3 4 3 3 4 2 2 2 2 2 2 2; 2 2 3 2 2 2 2 2 3 3 4 4 4 0 0 0 0 0 0 2; 2 2 2 1 1 2 2 2 3 3 3 4 4 0 0 0 0 0 0 2; 2 1 1 1 1 2 2 1 3 4 3 3 4 0 0 0 0 0 0 2; 0 1 0 0 1 0 0 1 1 1 3 2 3 0 0 0 0 0 0 2; 0 0 0 0 0 0 0 0 0 0 0 0 2 0 0 0 0 0 0 2; 0 0 0 0 0 0 0 0 0 0 0 0 2 0 0 0 0 0 0 2; 0 0 0 0 0 0 0 0 0 0 0 0 2 3 3 3 4 2 2 2; 0 0 0 0 0 0 0 0 0 0 0 0 2 3 2 3 3 4 2 2; 0 0 0 0 0 0 0 0 0 0 0 0 3 2 2 2 3 3 3 2; 0 0 0 0 0 0 0 0 0 0 0 0 1 2 2 2 1 1 0 1; 0 0 0 0 0 0 0 0 0 0 0 0 0 0 0 0 0 0 0 0; 0 0 0 0 0 0 0 0 0 0 0 0 0 0 0 0 0 0 0 0; 0 0 0 0 0 0 0 0 0 0 0 0 0 0 0 0 0 0 0 0; 0 0 0 0 0 0 0 0 0 0 0 0 0 0 0 0 0 0 0 0; 0 0 0 0 0 0 0 0 0 0 0 0 0 0 0 0 0 0 0 0; 0 0 0 0 0 0 0 0 0 0 0 0 0 0 0 0 0 0 0 0; 0 0 0 0 0 0 0 0 0 0 0 0 0 0 0 0 0 0 0 0; 0 0 0 0 0 0 0 0 0 0 0 0 0 0 0 0 0 0 0 0; 0 0 0 0 0 0 0 0 0 0 0 0 0 0 0 0 0 0 0 0]";0.4708333333333333;[8.0, 13.0, 0.0];[7.0710678118654755, 11.180339887498949, 0.0];"Int8[2 2 2 2 0 0 0 0 0 0 0 0 0 0 0 0 0 0 0 0; 3 2 2 0 0 0 0 0 0 0 0 0 0 0 0 0 0 0 0 0; 3 2 2 0 0 0 0 0 0 0 0 0 0 0 0 0 0 0 0 0; 3 1 1 1 0 0 0 0 0 0 0 0 0 0 0 0 0 0 0 0; 2 2 2 0 0 0 0 0 0 0 0 0 0 0 0 0 0 0 0 0; 2 2 2 0 0 0 0 0 0 0 0 0 0 0 0 0 0 0 0 0; 2 1 1 1 0 0 0 0 0 0 0 0 0 0 0 0 0 0 0 0; 2 2 2 0 0 0 0 0 0 0 0 0 0 0 0 0 0 0 0 0; 2 2 2 0 0 0 0 0 0 0 0 0 0 0 0 0 0 0 0 0; 2 1 1 1 0 0 0 0 0 0 0 0 0 0 0 0 0 0 0 0; 2 2 2 1 1 1 2 2 1 1 1 0 0 0 0 0 0 0 0 0; 2 2 2 1 1 1 2 2 1 1 2 0 0 0 0 0 0 0 0 0; 2 1 2 2 1 1 2 2 2 2 2 0 0 0 0 0 0 0 0 0; 2 2 2 1 1 1 2 2 1 2 2 0 0 0 0 0 0 0 0 0; 2 2 0 0 0 0 0 0 0 0 2 0 0 0 0 0 0 0 0 0; 2 1 0 0 0 0 0 0 0 0 2 0 0 0 0 0 0 0 0 0; 3 2 0 0 0 0 0 0 0 0 2 0 0 0 0 0 0 0 0 0; 3 3 0 0 0 0 0 0 0 0 2 0 0 0 0 0 0 0 0 0; 2 2 0 0 0 0 0 0 0 0 3 3 1 1 1 0 0 0 0 0; 2 3 3 2 2 2 2 2 2 2 3 3 2 1 1 1 0 0 0 0]"
17;1.0;0.6125;[0.0, 13.0, 6.0];[0.0, 10.198039027185569, 6.082762530298219];"Int8[2 2 2 2 1 0 0 0 0 0 0 0 0 0 0 0 0 0 0 0; 2 2 2 1 2 0 0 0 0 0 0 0 0 0 0 0 0 0 0 0; 2 2 2 2 2 2 1 0 0 0 0 0 0 0 0 0 0 0 0 0; 2 1 2 2 2 1 1 0 0 0 0 0 0 0 0 0 0 0 0 0; 1 2 2 2 2 1 1 1 0 0 0 0 0 0 0 0 0 0 0 0; 0 0 3 2 2 0 0 0 0 0 0 0 0 0 0 0 0 0 0 0; 0 0 2 2 2 0 0 0 0 0 0 0 0 0 0 0 0 0 0 0; 0 1 1 1 2 0 0 0 0 0 0 0 0 1 0 0 1 0 0 1; 0 0 2 2 2 0 0 0 0 0 0 0 1 1 1 2 1 2 2 1; 0 0 2 2 2 0 0 0 0 0 0 0 1 1 2 2 1 2 2 1; 0 1 1 1 2 2 2 2 2 2 2 2 2 2 2 2 2 2 2 2; 0 0 1 1 1 2 2 1 2 2 2 0 0 0 0 0 0 0 2 2; 0 0 1 1 1 2 2 1 3 3 2 0 0 0 0 0 0 0 2 2; 0 0 0 0 1 0 0 1 0 1 2 0 0 0 0 0 0 0 1 2; 0 0 0 0 0 0 0 0 0 0 1 0 0 0 0 0 0 0 2 2; 0 0 0 0 0 0 0 0 0 0 2 0 0 0 0 0 0 0 2 2; 0 0 0 0 0 0 0 0 0 0 2 0 0 0 0 0 0 0 1 2; 0 0 0 0 0 0 0 0 0 0 3 0 0 0 0 0 0 0 2 2; 0 0 0 0 0 0 0 0 0 0 3 3 3 3 3 2 2 2 2 2; 0 0 0 0 0 0 0 0 0 2 3 3 3 3 2 3 2 1 1 2]";0.45;[13.0, 0.0, 12.0];[10.198039027185569, 0.0, 9.848857801796104];"Int8[2 2 3 3 1 2 2 1 3 4 3 3 4 2 2 2 2 2 2 2; 2 2 3 2 2 2 2 2 4 3 4 4 4 0 0 0 0 0 0 2; 2 2 2 1 1 2 3 3 4 4 4 4 4 0 0 0 0 0 0 2; 2 1 1 1 1 2 3 2 4 5 4 3 4 0 0 0 0 0 0 2; 0 1 0 0 1 1 1 2 1 2 4 3 3 0 0 0 0 0 0 2; 0 0 0 0 0 0 0 0 0 0 0 0 2 0 0 0 0 0 0 2; 0 0 0 0 0 0 0 0 0 0 0 0 2 0 0 0 0 0 0 2; 0 0 0 0 0 0 0 0 0 0 0 0 2 3 3 3 4 2 2 2; 0 0 0 0 0 0 0 0 0 0 0 0 2 3 2 3 3 4 2 2; 0 0 0 0 0 0 0 0 0 0 0 0 3 2 2 2 3 3 3 2; 0 0 0 0 0 0 0 0 0 0 0 0 1 2 2 2 1 1 0 1; 0 0 0 0 0 0 0 0 0 0 0 0 0 0 0 0 0 0 0 0; 0 0 0 0 0 0 0 0 0 0 0 0 0 0 0 0 0 0 0 0; 0 0 0 0 0 0 0 0 0 0 0 0 0 0 0 0 0 0 0 0; 0 0 0 0 0 0 0 0 0 0 0 0 0 0 0 0 0 0 0 0; 0 0 0 0 0 0 0 0 0 0 0 0 0 0 0 0 0 0 0 0; 0 0 0 0 0 0 0 0 0 0 0 0 0 0 0 0 0 0 0 0; 0 0 0 0 0 0 0 0 0 0 0 0 0 0 0 0 0 0 0 0; 0 0 0 0 0 0 0 0 0 0 0 0 0 0 0 0 0 0 0 0; 0 0 0 0 0 0 0 0 0 0 0 0 0 0 0 0 0 0 0 0]";0.4708333333333333;[6.0, 12.0, 0.0];[6.082762530298219, 9.848857801796104, 0.0];"Int8[2 2 2 2 0 0 0 0 0 0 0 0 0 0 0 0 0 0 0 0; 3 2 2 0 0 0 0 0 0 0 0 0 0 0 0 0 0 0 0 0; 3 2 2 0 0 0 0 0 0 0 0 0 0 0 0 0 0 0 0 0; 3 1 1 1 0 0 0 0 0 0 0 0 0 0 0 0 0 0 0 0; 2 2 2 0 0 0 0 0 0 0 0 0 0 0 0 0 0 0 0 0; 2 2 2 0 0 0 0 0 0 0 0 0 0 0 0 0 0 0 0 0; 2 1 1 1 0 0 0 0 0 0 0 0 0 0 0 0 0 0 0 0; 2 2 2 0 0 0 0 0 0 0 0 0 0 0 0 0 0 0 0 0; 2 2 2 0 0 0 0 0 0 0 0 0 0 0 0 0 0 0 0 0; 2 1 1 1 0 0 0 0 0 0 0 0 0 0 0 0 0 0 0 0; 2 2 2 1 2 1 2 2 1 1 1 0 0 0 0 0 0 0 0 0; 2 2 3 2 2 2 3 2 1 1 2 0 0 0 0 0 0 0 0 0; 2 1 3 3 2 2 3 2 2 2 2 0 0 0 0 0 0 0 0 0; 2 3 3 2 1 2 3 3 1 2 2 0 0 0 0 0 0 0 0 0; 2 2 0 0 0 0 0 0 0 0 2 0 0 0 0 0 0 0 0 0; 2 1 0 0 0 0 0 0 0 0 2 0 0 0 0 0 0 0 0 0; 3 2 0 0 0 0 0 0 0 0 2 0 0 0 0 0 0 0 0 0; 3 3 0 0 0 0 0 0 0 0 2 0 0 0 0 0 0 0 0 0; 2 2 0 0 0 0 0 0 0 0 3 3 1 1 1 0 0 0 0 0; 2 3 3 2 2 2 2 2 2 2 3 3 2 1 1 1 0 0 0 0]"
18;1.0;0.6208333333333333;[0.0, 9.0, 4.0];[0.0, 8.54400374531753, 4.47213595499958];"Int8[2 2 2 2 1 0 0 0 0 0 0 0 0 0 0 0 0 0 0 0; 2 2 2 1 2 0 0 0 0 0 0 0 0 0 0 0 0 0 0 0; 2 2 2 2 2 2 1 0 0 0 0 0 0 0 0 0 0 0 0 0; 2 1 2 2 2 1 1 0 0 0 0 0 0 0 0 0 0 0 0 0; 1 2 2 2 2 1 1 1 0 0 0 0 0 0 0 0 0 0 0 0; 0 0 3 2 2 0 0 0 0 0 0 0 0 0 0 0 0 0 0 0; 0 0 2 2 2 0 0 0 0 0 0 0 0 0 0 0 0 0 0 0; 0 1 1 1 2 0 0 0 0 0 0 0 0 1 0 0 1 0 0 1; 0 0 2 2 2 0 0 0 0 0 0 0 1 1 1 2 1 2 2 1; 0 0 2 2 2 0 0 0 0 0 0 0 1 1 2 2 1 2 2 1; 0 1 1 1 2 2 3 3 3 3 3 2 2 2 2 2 2 2 2 2; 0 0 1 1 1 2 3 2 3 3 3 0 0 0 0 0 0 0 2 2; 0 0 1 1 1 3 3 2 3 4 3 0 0 0 0 0 0 0 2 2; 0 0 0 0 1 0 1 2 1 2 3 0 0 0 0 0 0 0 1 2; 0 0 0 0 0 0 0 0 0 0 2 0 0 0 0 0 0 0 2 2; 0 0 0 0 0 0 0 0 0 0 2 0 0 0 0 0 0 0 2 2; 0 0 0 0 0 0 0 0 0 0 2 0 0 0 0 0 0 0 1 2; 0 0 0 0 0 0 0 0 0 0 3 0 0 0 0 0 0 0 2 2; 0 0 0 0 0 0 0 0 0 0 3 3 3 3 3 2 2 2 2 2; 0 0 0 0 0 0 0 0 0 2 3 3 3 3 2 3 2 1 1 2]";0.4708333333333333;[9.0, 0.0, 6.0];[8.54400374531753, 0.0, 6.082762530298219];"Int8[2 2 3 3 1 2 2 1 3 4 3 3 4 2 2 2 2 2 2 2; 2 2 3 2 2 3 2 2 4 3 4 4 4 0 0 0 0 0 0 2; 2 2 2 2 2 3 4 4 4 4 4 4 4 0 0 0 0 0 0 2; 2 1 1 2 2 3 4 3 4 5 4 3 4 0 0 0 0 0 0 2; 0 1 1 1 2 1 2 3 2 2 4 3 3 0 0 0 0 0 0 2; 0 0 0 1 1 0 0 0 0 0 0 0 2 0 0 0 0 0 0 2; 0 0 0 1 0 0 0 0 0 0 0 0 2 0 0 0 0 0 0 2; 0 0 0 0 0 0 0 0 0 0 0 0 2 3 3 3 4 2 2 2; 0 0 0 0 0 0 0 0 0 0 0 0 2 3 2 3 3 4 2 2; 0 0 0 0 0 0 0 0 0 0 0 0 3 2 2 2 3 3 3 2; 0 0 0 0 0 0 0 0 0 0 0 0 1 2 2 2 1 1 0 1; 0 0 0 0 0 0 0 0 0 0 0 0 0 0 0 0 0 0 0 0; 0 0 0 0 0 0 0 0 0 0 0 0 0 0 0 0 0 0 0 0; 0 0 0 0 0 0 0 0 0 0 0 0 0 0 0 0 0 0 0 0; 0 0 0 0 0 0 0 0 0 0 0 0 0 0 0 0 0 0 0 0; 0 0 0 0 0 0 0 0 0 0 0 0 0 0 0 0 0 0 0 0; 0 0 0 0 0 0 0 0 0 0 0 0 0 0 0 0 0 0 0 0; 0 0 0 0 0 0 0 0 0 0 0 0 0 0 0 0 0 0 0 0; 0 0 0 0 0 0 0 0 0 0 0 0 0 0 0 0 0 0 0 0; 0 0 0 0 0 0 0 0 0 0 0 0 0 0 0 0 0 0 0 0]";0.4875;[4.0, 6.0, 0.0];[4.47213595499958, 6.082762530298219, 0.0];"Int8[2 2 2 2 0 0 0 0 0 0 0 0 0 0 0 0 0 0 0 0; 3 2 2 0 0 0 0 0 0 0 0 0 0 0 0 0 0 0 0 0; 3 2 2 0 0 0 0 0 0 0 0 0 0 0 0 0 0 0 0 0; 3 1 1 1 0 0 0 0 0 0 0 0 0 0 0 0 0 0 0 0; 2 2 2 0 0 0 0 0 0 0 0 0 0 0 0 0 0 0 0 0; 2 2 2 0 0 0 0 0 0 0 0 0 0 0 0 0 0 0 0 0; 2 1 1 1 0 0 0 0 0 0 0 0 0 0 0 0 0 0 0 0; 2 2 2 0 1 0 0 0 0 0 0 0 0 0 0 0 0 0 0 0; 2 2 3 1 1 0 0 0 0 0 0 0 0 0 0 0 0 0 0 0; 2 1 2 2 1 0 0 0 0 0 0 0 0 0 0 0 0 0 0 0; 2 3 3 2 2 2 3 3 1 1 1 0 0 0 0 0 0 0 0 0; 2 2 4 3 3 3 4 2 1 1 2 0 0 0 0 0 0 0 0 0; 2 1 4 4 3 3 4 2 2 2 2 0 0 0 0 0 0 0 0 0; 2 3 3 2 2 2 3 3 1 2 2 0 0 0 0 0 0 0 0 0; 2 2 0 0 0 0 0 0 0 0 2 0 0 0 0 0 0 0 0 0; 2 1 0 0 0 0 0 0 0 0 2 0 0 0 0 0 0 0 0 0; 3 2 0 0 0 0 0 0 0 0 2 0 0 0 0 0 0 0 0 0; 3 3 0 0 0 0 0 0 0 0 2 0 0 0 0 0 0 0 0 0; 2 2 0 0 0 0 0 0 0 0 3 3 1 1 1 0 0 0 0 0; 2 3 3 2 2 2 2 2 2 2 3 3 2 1 1 1 0 0 0 0]"
19;1.0;0.6208333333333333;[0.0, 7.0, 6.0];[0.0, 6.4031242374328485, 5.0];"Int8[2 2 2 2 1 0 0 0 0 0 0 0 0 0 0 0 0 0 0 0; 2 2 2 1 2 0 0 0 0 0 0 0 0 0 0 0 0 0 0 0; 2 2 2 2 2 2 1 0 0 0 0 0 0 0 0 0 0 0 0 0; 2 1 2 2 2 1 1 0 0 0 0 0 0 0 0 0 0 0 0 0; 1 2 2 2 2 1 1 1 0 0 0 0 0 0 0 0 0 0 0 0; 0 0 3 2 2 0 0 0 0 0 0 0 0 0 0 0 0 0 0 0; 0 0 2 2 2 0 0 0 0 0 0 0 0 0 0 0 0 0 0 0; 0 1 1 1 2 0 0 0 0 0 0 0 0 1 0 0 1 0 0 1; 0 0 2 2 2 0 0 0 0 0 0 0 1 1 1 2 1 2 2 1; 0 0 2 2 2 0 0 0 0 0 0 0 1 1 2 2 1 2 2 1; 0 1 1 1 2 3 4 4 3 4 4 3 2 2 2 2 2 2 2 2; 0 0 1 1 1 2 4 3 4 4 4 0 0 0 0 0 0 0 2 2; 0 0 1 1 1 3 4 3 4 5 4 0 0 0 0 0 0 0 2 2; 0 0 0 0 1 0 1 2 2 2 3 0 0 0 0 0 0 0 1 2; 0 0 0 0 0 0 0 0 0 0 2 0 0 0 0 0 0 0 2 2; 0 0 0 0 0 0 0 0 0 0 2 0 0 0 0 0 0 0 2 2; 0 0 0 0 0 0 0 0 0 0 2 0 0 0 0 0 0 0 1 2; 0 0 0 0 0 0 0 0 0 0 3 0 0 0 0 0 0 0 2 2; 0 0 0 0 0 0 0 0 0 0 3 3 3 3 3 2 2 2 2 2; 0 0 0 0 0 0 0 0 0 2 3 3 3 3 2 3 2 1 1 2]";0.5333333333333333;[7.0, 0.0, 1.0];[6.4031242374328485, 0.0, 1.4142135623730951];"Int8[2 2 3 3 1 2 2 1 3 4 3 3 4 2 2 2 2 2 2 2; 2 2 3 2 2 3 2 2 4 3 4 4 4 0 0 0 0 0 0 2; 2 2 2 2 2 3 4 4 4 4 4 4 4 0 0 0 0 0 0 2; 2 1 1 3 2 3 4 3 4 5 4 3 4 0 0 0 0 0 0 2; 0 2 2 2 3 2 2 3 2 2 4 3 3 0 0 0 0 0 0 2; 0 1 1 2 2 0 0 0 0 0 0 0 2 0 0 0 0 0 0 2; 1 1 1 1 1 0 0 0 0 0 0 0 2 0 0 0 0 0 0 2; 0 1 1 1 1 0 0 0 0 0 0 0 2 3 3 3 4 2 2 2; 0 1 1 1 1 0 0 0 0 0 0 0 2 3 2 3 3 4 2 2; 0 0 0 1 0 0 0 0 0 0 0 0 3 2 2 2 3 3 3 2; 0 0 0 0 0 0 0 0 0 0 0 0 1 2 2 2 1 1 0 1; 0 0 0 0 0 0 0 0 0 0 0 0 0 0 0 0 0 0 0 0; 0 0 0 0 0 0 0 0 0 0 0 0 0 0 0 0 0 0 0 0; 0 0 0 0 0 0 0 0 0 0 0 0 0 0 0 0 0 0 0 0; 0 0 0 0 0 0 0 0 0 0 0 0 0 0 0 0 0 0 0 0; 0 0 0 0 0 0 0 0 0 0 0 0 0 0 0 0 0 0 0 0; 0 0 0 0 0 0 0 0 0 0 0 0 0 0 0 0 0 0 0 0; 0 0 0 0 0 0 0 0 0 0 0 0 0 0 0 0 0 0 0 0; 0 0 0 0 0 0 0 0 0 0 0 0 0 0 0 0 0 0 0 0; 0 0 0 0 0 0 0 0 0 0 0 0 0 0 0 0 0 0 0 0]";0.5083333333333333;[6.0, 1.0, 0.0];[5.0, 1.4142135623730951, 0.0];"Int8[2 2 2 2 0 0 0 0 0 0 0 0 0 0 0 0 0 0 0 0; 3 2 2 0 0 0 0 0 0 0 0 0 0 0 0 0 0 0 0 0; 3 2 2 0 0 0 0 0 0 0 0 0 0 0 0 0 0 0 0 0; 3 1 1 1 0 0 0 0 0 0 0 0 0 0 0 0 0 0 0 0; 2 2 2 0 1 0 0 0 0 0 0 0 0 0 0 0 0 0 0 0; 2 2 3 1 1 0 0 0 0 0 0 0 0 0 0 0 0 0 0 0; 2 1 2 2 1 0 0 0 0 0 0 0 0 0 0 0 0 0 0 0; 2 3 3 1 1 0 0 0 0 0 0 0 0 0 0 0 0 0 0 0; 2 2 4 2 2 0 0 0 0 0 0 0 0 0 0 0 0 0 0 0; 2 1 3 3 2 0 0 0 0 0 0 0 0 0 0 0 0 0 0 0; 2 3 3 2 3 2 3 3 1 1 1 0 0 0 0 0 0 0 0 0; 2 2 4 3 3 3 4 2 1 1 2 0 0 0 0 0 0 0 0 0; 2 1 4 4 3 3 4 2 2 2 2 0 0 0 0 0 0 0 0 0; 2 3 3 2 2 2 3 3 1 2 2 0 0 0 0 0 0 0 0 0; 2 2 0 0 0 0 0 0 0 0 2 0 0 0 0 0 0 0 0 0; 2 1 0 0 0 0 0 0 0 0 2 0 0 0 0 0 0 0 0 0; 3 2 0 0 0 0 0 0 0 0 2 0 0 0 0 0 0 0 0 0; 3 3 0 0 0 0 0 0 0 0 2 0 0 0 0 0 0 0 0 0; 2 2 0 0 0 0 0 0 0 0 3 3 1 1 1 0 0 0 0 0; 2 3 3 2 2 2 2 2 2 2 3 3 2 1 1 1 0 0 0 0]"
20;1.0;0.6208333333333333;[0.0, 7.0, 6.0];[0.0, 6.4031242374328485, 5.0];"Int8[2 2 2 2 1 0 0 0 0 0 0 0 0 0 0 0 0 0 0 0; 2 2 2 1 2 0 0 0 0 0 0 0 0 0 0 0 0 0 0 0; 2 2 2 2 2 2 1 0 0 0 0 0 0 0 0 0 0 0 0 0; 2 1 2 2 2 1 1 0 0 0 0 0 0 0 0 0 0 0 0 0; 1 2 2 2 2 1 1 1 0 0 0 0 0 0 0 0 0 0 0 0; 0 0 3 2 2 0 0 0 0 0 0 0 0 0 0 0 0 0 0 0; 0 0 2 2 2 0 0 0 0 0 0 0 0 0 0 0 0 0 0 0; 0 1 1 1 2 0 0 0 0 0 0 0 0 1 0 0 1 0 0 1; 0 0 2 2 2 0 0 0 0 0 0 0 1 1 1 2 1 2 2 1; 0 0 2 2 2 0 0 0 0 0 0 0 1 1 2 2 1 2 2 1; 0 1 1 1 2 4 5 5 3 5 5 4 2 2 2 2 2 2 2 2; 0 0 1 1 1 2 5 4 5 5 5 0 0 0 0 0 0 0 2 2; 0 0 1 1 1 3 5 4 5 6 5 0 0 0 0 0 0 0 2 2; 0 0 0 0 1 0 1 2 3 2 3 0 0 0 0 0 0 0 1 2; 0 0 0 0 0 0 0 0 0 0 2 0 0 0 0 0 0 0 2 2; 0 0 0 0 0 0 0 0 0 0 2 0 0 0 0 0 0 0 2 2; 0 0 0 0 0 0 0 0 0 0 2 0 0 0 0 0 0 0 1 2; 0 0 0 0 0 0 0 0 0 0 3 0 0 0 0 0 0 0 2 2; 0 0 0 0 0 0 0 0 0 0 3 3 3 3 3 2 2 2 2 2; 0 0 0 0 0 0 0 0 0 2 3 3 3 3 2 3 2 1 1 2]";0.5333333333333333;[7.0, 0.0, 1.0];[6.4031242374328485, 0.0, 1.4142135623730951];"Int8[2 2 3 3 1 2 2 1 3 4 3 3 4 2 2 2 2 2 2 2; 2 2 3 2 2 3 2 2 4 3 4 4 4 0 0 0 0 0 0 2; 2 2 2 2 2 3 4 4 4 4 4 4 4 0 0 0 0 0 0 2; 2 1 1 3 2 3 4 3 4 5 4 3 4 0 0 0 0 0 0 2; 0 2 2 2 3 2 2 3 2 2 4 3 3 0 0 0 0 0 0 2; 0 1 1 2 2 0 0 0 0 0 0 0 2 0 0 0 0 0 0 2; 1 1 1 1 1 0 0 0 0 0 0 0 2 0 0 0 0 0 0 2; 0 1 1 1 1 0 0 0 0 0 0 0 2 3 3 3 4 2 2 2; 0 1 1 1 1 0 0 0 0 0 0 0 2 3 2 3 3 4 2 2; 0 0 0 1 0 0 0 0 0 0 0 0 3 2 2 2 3 3 3 2; 0 0 0 0 0 0 0 0 0 0 0 0 1 2 2 2 1 1 0 1; 0 0 0 0 0 0 0 0 0 0 0 0 0 0 0 0 0 0 0 0; 0 0 0 0 0 0 0 0 0 0 0 0 0 0 0 0 0 0 0 0; 0 0 0 0 0 0 0 0 0 0 0 0 0 0 0 0 0 0 0 0; 0 0 0 0 0 0 0 0 0 0 0 0 0 0 0 0 0 0 0 0; 0 0 0 0 0 0 0 0 0 0 0 0 0 0 0 0 0 0 0 0; 0 0 0 0 0 0 0 0 0 0 0 0 0 0 0 0 0 0 0 0; 0 0 0 0 0 0 0 0 0 0 0 0 0 0 0 0 0 0 0 0; 0 0 0 0 0 0 0 0 0 0 0 0 0 0 0 0 0 0 0 0; 0 0 0 0 0 0 0 0 0 0 0 0 0 0 0 0 0 0 0 0]";0.5083333333333333;[6.0, 1.0, 0.0];[5.0, 1.4142135623730951, 0.0];"Int8[2 2 2 2 0 0 0 0 0 0 0 0 0 0 0 0 0 0 0 0; 3 2 2 0 0 0 0 0 0 0 0 0 0 0 0 0 0 0 0 0; 3 2 2 0 0 0 0 0 0 0 0 0 0 0 0 0 0 0 0 0; 3 1 1 1 0 0 0 0 0 0 0 0 0 0 0 0 0 0 0 0; 2 2 2 0 1 0 0 0 0 0 0 0 0 0 0 0 0 0 0 0; 2 2 3 1 1 0 0 0 0 0 0 0 0 0 0 0 0 0 0 0; 2 1 2 2 1 0 0 0 0 0 0 0 0 0 0 0 0 0 0 0; 2 3 3 1 1 0 0 0 0 0 0 0 0 0 0 0 0 0 0 0; 2 2 4 2 2 0 0 0 0 0 0 0 0 0 0 0 0 0 0 0; 2 1 3 3 2 0 0 0 0 0 0 0 0 0 0 0 0 0 0 0; 2 3 3 2 3 2 3 3 1 1 1 0 0 0 0 0 0 0 0 0; 2 2 4 3 3 3 4 2 1 1 2 0 0 0 0 0 0 0 0 0; 2 1 4 4 3 3 4 2 2 2 2 0 0 0 0 0 0 0 0 0; 2 3 3 2 2 2 3 3 1 2 2 0 0 0 0 0 0 0 0 0; 2 2 0 0 0 0 0 0 0 0 2 0 0 0 0 0 0 0 0 0; 2 1 0 0 0 0 0 0 0 0 2 0 0 0 0 0 0 0 0 0; 3 2 0 0 0 0 0 0 0 0 2 0 0 0 0 0 0 0 0 0; 3 3 0 0 0 0 0 0 0 0 2 0 0 0 0 0 0 0 0 0; 2 2 0 0 0 0 0 0 0 0 3 3 1 1 1 0 0 0 0 0; 2 3 3 2 2 2 2 2 2 2 3 3 2 1 1 1 0 0 0 0]"
