nbsteps;percentofmapall;seen_gridmap;astardistances1;euclideandistances1;astardistances2;euclideandistances2;astardistances3;euclideandistances3
1;0.0741687979539642;"MMatrix[Int8[1 2 2 1 1 0 0 0 0 0 0 0 0 0 0 0 0 0 0 0; 1 2 2 1 1 0 0 0 0 0 0 0 0 0 0 0 0 0 0 0; 1 2 2 1 1 0 0 0 0 0 0 0 0 0 0 0 0 0 0 0; 1 0 0 0 0 0 0 0 0 0 0 0 0 0 0 0 0 0 0 0; 0 0 0 0 0 0 0 0 0 0 0 0 0 0 0 0 0 0 0 0; 0 0 0 0 0 0 0 0 0 0 0 0 0 0 0 0 0 0 0 0; 0 0 0 0 0 0 0 0 0 0 0 0 0 0 0 0 0 0 0 0; 0 0 0 0 0 0 0 0 0 0 0 0 0 0 0 0 0 0 0 0; 0 0 0 0 0 0 0 0 0 0 0 0 0 0 0 0 0 0 0 0; 0 0 0 0 0 0 0 0 0 0 0 0 0 0 0 0 0 0 0 0; 0 0 0 0 0 0 0 0 0 0 0 0 0 0 0 0 0 0 0 0; 0 0 0 0 0 0 0 0 0 0 0 0 0 0 0 0 0 0 0 0; 0 0 0 0 0 0 0 0 0 0 0 0 0 0 0 0 0 0 0 0; 0 0 0 0 0 0 0 0 0 0 0 0 0 0 0 0 0 0 0 0; 0 0 0 0 0 0 0 0 0 0 0 0 0 0 0 0 0 0 0 0; 0 0 0 0 0 0 0 0 0 0 0 0 0 0 0 0 0 0 0 0; 0 0 0 0 0 0 0 0 0 0 0 0 0 0 0 0 0 0 0 0; 0 0 0 0 0 0 0 0 0 0 0 0 0 0 0 0 0 0 0 0; 0 0 0 0 0 0 0 0 0 0 0 0 0 0 0 0 0 0 0 0; 0 0 0 0 0 0 0 0 0 0 0 0 0 0 0 0 0 0 0 0], Int8[0 2 1 1 0 0 0 0 0 0 0 0 0 0 0 0 0 0 0 0; 2 2 2 1 0 0 0 0 0 0 0 0 0 0 0 0 0 0 0 0; 2 2 2 1 1 0 0 0 0 0 0 0 0 0 0 0 0 0 0 0; 1 0 1 0 0 0 0 0 0 0 0 0 0 0 0 0 0 0 0 0; 0 0 0 0 0 0 0 0 0 0 0 0 0 0 0 0 0 0 0 0; 0 0 0 0 0 0 0 0 0 0 0 0 0 0 0 0 0 0 0 0; 0 0 0 0 0 0 0 0 0 0 0 0 0 0 0 0 0 0 0 0; 0 0 0 0 0 0 0 0 0 0 0 0 0 0 0 0 0 0 0 0; 0 0 0 0 0 0 0 0 0 0 0 0 0 0 0 0 0 0 0 0; 0 0 0 0 0 0 0 0 0 0 0 0 0 0 0 0 0 0 0 0; 0 0 0 0 0 0 0 0 0 0 0 0 0 0 0 0 0 0 0 0; 0 0 0 0 0 0 0 0 0 0 0 0 0 0 0 0 0 0 0 0; 0 0 0 0 0 0 0 0 0 0 0 0 0 0 0 0 0 0 0 0; 0 0 0 0 0 0 0 0 0 0 0 0 0 0 0 0 0 0 0 0; 0 0 0 0 0 0 0 0 0 0 0 0 0 0 0 0 0 0 0 0; 0 0 0 0 0 0 0 0 0 0 0 0 0 0 0 0 0 0 0 0; 0 0 0 0 0 0 0 0 0 0 0 0 0 0 0 0 0 0 0 0; 0 0 0 0 0 0 0 0 0 0 0 0 0 0 0 0 0 0 0 0; 0 0 0 0 0 0 0 0 0 0 0 0 0 0 0 0 0 0 0 0; 0 0 0 0 0 0 0 0 0 0 0 0 0 0 0 0 0 0 0 0], Int8[1 1 1 1 0 0 0 0 0 0 0 0 0 0 0 0 0 0 0 0; 2 2 2 0 0 0 0 0 0 0 0 0 0 0 0 0 0 0 0 0; 2 2 2 0 0 0 0 0 0 0 0 0 0 0 0 0 0 0 0 0; 1 1 1 0 0 0 0 0 0 0 0 0 0 0 0 0 0 0 0 0; 1 1 1 0 0 0 0 0 0 0 0 0 0 0 0 0 0 0 0 0; 1 1 1 0 0 0 0 0 0 0 0 0 0 0 0 0 0 0 0 0; 1 0 0 0 0 0 0 0 0 0 0 0 0 0 0 0 0 0 0 0; 0 0 0 0 0 0 0 0 0 0 0 0 0 0 0 0 0 0 0 0; 0 0 0 0 0 0 0 0 0 0 0 0 0 0 0 0 0 0 0 0; 0 0 0 0 0 0 0 0 0 0 0 0 0 0 0 0 0 0 0 0; 0 0 0 0 0 0 0 0 0 0 0 0 0 0 0 0 0 0 0 0; 0 0 0 0 0 0 0 0 0 0 0 0 0 0 0 0 0 0 0 0; 0 0 0 0 0 0 0 0 0 0 0 0 0 0 0 0 0 0 0 0; 0 0 0 0 0 0 0 0 0 0 0 0 0 0 0 0 0 0 0 0; 0 0 0 0 0 0 0 0 0 0 0 0 0 0 0 0 0 0 0 0; 0 0 0 0 0 0 0 0 0 0 0 0 0 0 0 0 0 0 0 0; 0 0 0 0 0 0 0 0 0 0 0 0 0 0 0 0 0 0 0 0; 0 0 0 0 0 0 0 0 0 0 0 0 0 0 0 0 0 0 0 0; 0 0 0 0 0 0 0 0 0 0 0 0 0 0 0 0 0 0 0 0; 0 0 0 0 0 0 0 0 0 0 0 0 0 0 0 0 0 0 0 0]]";[0.0, 1.0, 3.0];[0.0, 1.0, 4.242640687119285];[1.0, 0.0, 3.0];[1.0, 0.0, 3.605551275463989];[3.0, 3.0, 0.0];[4.242640687119285, 3.605551275463989, 0.0]
2;0.10485933503836317;"MMatrix[Int8[1 2 2 2 2 0 0 0 0 0 0 0 0 0 0 0 0 0 0 0; 1 3 3 2 1 0 0 0 0 0 0 0 0 0 0 0 0 0 0 0; 1 2 3 2 2 0 0 0 0 0 0 0 0 0 0 0 0 0 0 0; 1 0 1 0 0 0 0 0 0 0 0 0 0 0 0 0 0 0 0 0; 0 0 0 0 0 0 0 0 0 0 0 0 0 0 0 0 0 0 0 0; 0 0 0 0 0 0 0 0 0 0 0 0 0 0 0 0 0 0 0 0; 0 0 0 0 0 0 0 0 0 0 0 0 0 0 0 0 0 0 0 0; 0 0 0 0 0 0 0 0 0 0 0 0 0 0 0 0 0 0 0 0; 0 0 0 0 0 0 0 0 0 0 0 0 0 0 0 0 0 0 0 0; 0 0 0 0 0 0 0 0 0 0 0 0 0 0 0 0 0 0 0 0; 0 0 0 0 0 0 0 0 0 0 0 0 0 0 0 0 0 0 0 0; 0 0 0 0 0 0 0 0 0 0 0 0 0 0 0 0 0 0 0 0; 0 0 0 0 0 0 0 0 0 0 0 0 0 0 0 0 0 0 0 0; 0 0 0 0 0 0 0 0 0 0 0 0 0 0 0 0 0 0 0 0; 0 0 0 0 0 0 0 0 0 0 0 0 0 0 0 0 0 0 0 0; 0 0 0 0 0 0 0 0 0 0 0 0 0 0 0 0 0 0 0 0; 0 0 0 0 0 0 0 0 0 0 0 0 0 0 0 0 0 0 0 0; 0 0 0 0 0 0 0 0 0 0 0 0 0 0 0 0 0 0 0 0; 0 0 0 0 0 0 0 0 0 0 0 0 0 0 0 0 0 0 0 0; 0 0 0 0 0 0 0 0 0 0 0 0 0 0 0 0 0 0 0 0], Int8[0 2 2 1 0 0 0 0 0 0 0 0 0 0 0 0 0 0 0 0; 2 2 3 2 0 0 0 0 0 0 0 0 0 0 0 0 0 0 0 0; 2 3 3 2 1 0 0 0 0 0 0 0 0 0 0 0 0 0 0 0; 1 0 1 0 0 0 0 0 0 0 0 0 0 0 0 0 0 0 0 0; 0 0 0 0 0 0 0 0 0 0 0 0 0 0 0 0 0 0 0 0; 0 0 0 0 0 0 0 0 0 0 0 0 0 0 0 0 0 0 0 0; 0 0 0 0 0 0 0 0 0 0 0 0 0 0 0 0 0 0 0 0; 0 0 0 0 0 0 0 0 0 0 0 0 0 0 0 0 0 0 0 0; 0 0 0 0 0 0 0 0 0 0 0 0 0 0 0 0 0 0 0 0; 0 0 0 0 0 0 0 0 0 0 0 0 0 0 0 0 0 0 0 0; 0 0 0 0 0 0 0 0 0 0 0 0 0 0 0 0 0 0 0 0; 0 0 0 0 0 0 0 0 0 0 0 0 0 0 0 0 0 0 0 0; 0 0 0 0 0 0 0 0 0 0 0 0 0 0 0 0 0 0 0 0; 0 0 0 0 0 0 0 0 0 0 0 0 0 0 0 0 0 0 0 0; 0 0 0 0 0 0 0 0 0 0 0 0 0 0 0 0 0 0 0 0; 0 0 0 0 0 0 0 0 0 0 0 0 0 0 0 0 0 0 0 0; 0 0 0 0 0 0 0 0 0 0 0 0 0 0 0 0 0 0 0 0; 0 0 0 0 0 0 0 0 0 0 0 0 0 0 0 0 0 0 0 0; 0 0 0 0 0 0 0 0 0 0 0 0 0 0 0 0 0 0 0 0; 0 0 0 0 0 0 0 0 0 0 0 0 0 0 0 0 0 0 0 0], Int8[1 1 1 1 0 0 0 0 0 0 0 0 0 0 0 0 0 0 0 0; 2 2 2 0 0 0 0 0 0 0 0 0 0 0 0 0 0 0 0 0; 2 2 2 0 0 0 0 0 0 0 0 0 0 0 0 0 0 0 0 0; 2 1 1 0 0 0 0 0 0 0 0 0 0 0 0 0 0 0 0 0; 2 2 2 0 0 0 0 0 0 0 0 0 0 0 0 0 0 0 0 0; 2 2 2 0 0 0 0 0 0 0 0 0 0 0 0 0 0 0 0 0; 1 1 1 0 0 0 0 0 0 0 0 0 0 0 0 0 0 0 0 0; 1 1 1 0 0 0 0 0 0 0 0 0 0 0 0 0 0 0 0 0; 1 1 1 0 0 0 0 0 0 0 0 0 0 0 0 0 0 0 0 0; 1 0 0 0 0 0 0 0 0 0 0 0 0 0 0 0 0 0 0 0; 0 0 0 0 0 0 0 0 0 0 0 0 0 0 0 0 0 0 0 0; 0 0 0 0 0 0 0 0 0 0 0 0 0 0 0 0 0 0 0 0; 0 0 0 0 0 0 0 0 0 0 0 0 0 0 0 0 0 0 0 0; 0 0 0 0 0 0 0 0 0 0 0 0 0 0 0 0 0 0 0 0; 0 0 0 0 0 0 0 0 0 0 0 0 0 0 0 0 0 0 0 0; 0 0 0 0 0 0 0 0 0 0 0 0 0 0 0 0 0 0 0 0; 0 0 0 0 0 0 0 0 0 0 0 0 0 0 0 0 0 0 0 0; 0 0 0 0 0 0 0 0 0 0 0 0 0 0 0 0 0 0 0 0; 0 0 0 0 0 0 0 0 0 0 0 0 0 0 0 0 0 0 0 0; 0 0 0 0 0 0 0 0 0 0 0 0 0 0 0 0 0 0 0 0]]";[0.0, 1.0, 5.0];[0.0, 1.0, 6.4031242374328485];[1.0, 0.0, 5.0];[1.0, 0.0, 5.656854249492381];[5.0, 5.0, 0.0];[6.4031242374328485, 5.656854249492381, 0.0]
3;0.1483375959079284;"MMatrix[Int8[1 2 3 2 2 0 0 0 0 0 0 0 0 0 0 0 0 0 0 0; 2 4 4 3 2 0 0 0 0 0 0 0 0 0 0 0 0 0 0 0; 2 3 4 3 2 0 0 0 0 0 0 0 0 0 0 0 0 0 0 0; 2 1 1 0 0 0 0 0 0 0 0 0 0 0 0 0 0 0 0 0; 1 1 1 0 0 0 0 0 0 0 0 0 0 0 0 0 0 0 0 0; 1 1 1 0 0 0 0 0 0 0 0 0 0 0 0 0 0 0 0 0; 0 0 1 0 0 0 0 0 0 0 0 0 0 0 0 0 0 0 0 0; 0 0 0 0 0 0 0 0 0 0 0 0 0 0 0 0 0 0 0 0; 0 0 0 0 0 0 0 0 0 0 0 0 0 0 0 0 0 0 0 0; 0 0 0 0 0 0 0 0 0 0 0 0 0 0 0 0 0 0 0 0; 0 0 0 0 0 0 0 0 0 0 0 0 0 0 0 0 0 0 0 0; 0 0 0 0 0 0 0 0 0 0 0 0 0 0 0 0 0 0 0 0; 0 0 0 0 0 0 0 0 0 0 0 0 0 0 0 0 0 0 0 0; 0 0 0 0 0 0 0 0 0 0 0 0 0 0 0 0 0 0 0 0; 0 0 0 0 0 0 0 0 0 0 0 0 0 0 0 0 0 0 0 0; 0 0 0 0 0 0 0 0 0 0 0 0 0 0 0 0 0 0 0 0; 0 0 0 0 0 0 0 0 0 0 0 0 0 0 0 0 0 0 0 0; 0 0 0 0 0 0 0 0 0 0 0 0 0 0 0 0 0 0 0 0; 0 0 0 0 0 0 0 0 0 0 0 0 0 0 0 0 0 0 0 0; 0 0 0 0 0 0 0 0 0 0 0 0 0 0 0 0 0 0 0 0], Int8[1 3 2 2 1 0 0 0 0 0 0 0 0 0 0 0 0 0 0 0; 3 3 4 3 1 0 0 0 0 0 0 0 0 0 0 0 0 0 0 0; 3 4 4 3 2 0 0 0 0 0 0 0 0 0 0 0 0 0 0 0; 1 0 1 0 0 0 0 0 0 0 0 0 0 0 0 0 0 0 0 0; 0 0 0 0 0 0 0 0 0 0 0 0 0 0 0 0 0 0 0 0; 0 0 0 0 0 0 0 0 0 0 0 0 0 0 0 0 0 0 0 0; 0 0 0 0 0 0 0 0 0 0 0 0 0 0 0 0 0 0 0 0; 0 0 0 0 0 0 0 0 0 0 0 0 0 0 0 0 0 0 0 0; 0 0 0 0 0 0 0 0 0 0 0 0 0 0 0 0 0 0 0 0; 0 0 0 0 0 0 0 0 0 0 0 0 0 0 0 0 0 0 0 0; 0 0 0 0 0 0 0 0 0 0 0 0 0 0 0 0 0 0 0 0; 0 0 0 0 0 0 0 0 0 0 0 0 0 0 0 0 0 0 0 0; 0 0 0 0 0 0 0 0 0 0 0 0 0 0 0 0 0 0 0 0; 0 0 0 0 0 0 0 0 0 0 0 0 0 0 0 0 0 0 0 0; 0 0 0 0 0 0 0 0 0 0 0 0 0 0 0 0 0 0 0 0; 0 0 0 0 0 0 0 0 0 0 0 0 0 0 0 0 0 0 0 0; 0 0 0 0 0 0 0 0 0 0 0 0 0 0 0 0 0 0 0 0; 0 0 0 0 0 0 0 0 0 0 0 0 0 0 0 0 0 0 0 0; 0 0 0 0 0 0 0 0 0 0 0 0 0 0 0 0 0 0 0 0; 0 0 0 0 0 0 0 0 0 0 0 0 0 0 0 0 0 0 0 0], Int8[1 1 1 1 0 0 0 0 0 0 0 0 0 0 0 0 0 0 0 0; 2 2 2 0 0 0 0 0 0 0 0 0 0 0 0 0 0 0 0 0; 2 2 2 0 0 0 0 0 0 0 0 0 0 0 0 0 0 0 0 0; 2 1 1 0 0 0 0 0 0 0 0 0 0 0 0 0 0 0 0 0; 2 2 2 0 0 0 0 0 0 0 0 0 0 0 0 0 0 0 0 0; 2 2 3 0 0 0 0 0 0 0 0 0 0 0 0 0 0 0 0 0; 2 2 2 0 0 0 0 0 0 0 0 0 0 0 0 0 0 0 0 0; 2 2 2 1 1 0 0 0 0 0 0 0 0 0 0 0 0 0 0 0; 2 2 1 1 1 0 0 0 0 0 0 0 0 0 0 0 0 0 0 0; 2 1 1 1 0 0 0 0 0 0 0 0 0 0 0 0 0 0 0 0; 1 1 1 1 1 0 0 0 0 0 0 0 0 0 0 0 0 0 0 0; 0 0 1 0 0 0 0 0 0 0 0 0 0 0 0 0 0 0 0 0; 0 0 0 0 0 0 0 0 0 0 0 0 0 0 0 0 0 0 0 0; 0 0 0 0 0 0 0 0 0 0 0 0 0 0 0 0 0 0 0 0; 0 0 0 0 0 0 0 0 0 0 0 0 0 0 0 0 0 0 0 0; 0 0 0 0 0 0 0 0 0 0 0 0 0 0 0 0 0 0 0 0; 0 0 0 0 0 0 0 0 0 0 0 0 0 0 0 0 0 0 0 0; 0 0 0 0 0 0 0 0 0 0 0 0 0 0 0 0 0 0 0 0; 0 0 0 0 0 0 0 0 0 0 0 0 0 0 0 0 0 0 0 0; 0 0 0 0 0 0 0 0 0 0 0 0 0 0 0 0 0 0 0 0]]";[0.0, 3.0, 5.0];[0.0, 3.0, 5.0];[3.0, 0.0, 8.0];[3.0, 0.0, 8.0];[5.0, 8.0, 0.0];[5.0, 8.0, 0.0]
4;0.1867007672634271;"MMatrix[Int8[1 2 3 2 2 0 0 0 0 0 0 0 0 0 0 0 0 0 0 0; 2 4 4 3 2 0 0 0 0 0 0 0 0 0 0 0 0 0 0 0; 3 3 4 3 2 0 0 0 0 0 0 0 0 0 0 0 0 0 0 0; 3 2 2 0 0 0 0 0 0 0 0 0 0 0 0 0 0 0 0 0; 2 2 2 0 0 0 0 0 0 0 0 0 0 0 0 0 0 0 0 0; 1 2 2 0 0 0 0 0 0 0 0 0 0 0 0 0 0 0 0 0; 1 1 2 0 0 0 0 0 0 0 0 0 0 0 0 0 0 0 0 0; 1 1 1 0 0 0 0 0 0 0 0 0 0 0 0 0 0 0 0 0; 1 0 0 0 0 0 0 0 0 0 0 0 0 0 0 0 0 0 0 0; 0 0 0 0 0 0 0 0 0 0 0 0 0 0 0 0 0 0 0 0; 0 0 0 0 0 0 0 0 0 0 0 0 0 0 0 0 0 0 0 0; 0 0 0 0 0 0 0 0 0 0 0 0 0 0 0 0 0 0 0 0; 0 0 0 0 0 0 0 0 0 0 0 0 0 0 0 0 0 0 0 0; 0 0 0 0 0 0 0 0 0 0 0 0 0 0 0 0 0 0 0 0; 0 0 0 0 0 0 0 0 0 0 0 0 0 0 0 0 0 0 0 0; 0 0 0 0 0 0 0 0 0 0 0 0 0 0 0 0 0 0 0 0; 0 0 0 0 0 0 0 0 0 0 0 0 0 0 0 0 0 0 0 0; 0 0 0 0 0 0 0 0 0 0 0 0 0 0 0 0 0 0 0 0; 0 0 0 0 0 0 0 0 0 0 0 0 0 0 0 0 0 0 0 0; 0 0 0 0 0 0 0 0 0 0 0 0 0 0 0 0 0 0 0 0], Int8[1 3 3 2 1 0 0 0 0 0 0 0 0 0 0 0 0 0 0 0; 4 4 5 4 2 0 0 0 0 0 0 0 0 0 0 0 0 0 0 0; 4 5 5 4 2 0 0 0 0 0 0 0 0 0 0 0 0 0 0 0; 2 1 1 0 0 0 0 0 0 0 0 0 0 0 0 0 0 0 0 0; 1 1 1 0 0 0 0 0 0 0 0 0 0 0 0 0 0 0 0 0; 0 1 1 0 0 0 0 0 0 0 0 0 0 0 0 0 0 0 0 0; 0 0 1 0 0 0 0 0 0 0 0 0 0 0 0 0 0 0 0 0; 0 0 0 0 0 0 0 0 0 0 0 0 0 0 0 0 0 0 0 0; 0 0 0 0 0 0 0 0 0 0 0 0 0 0 0 0 0 0 0 0; 0 0 0 0 0 0 0 0 0 0 0 0 0 0 0 0 0 0 0 0; 0 0 0 0 0 0 0 0 0 0 0 0 0 0 0 0 0 0 0 0; 0 0 0 0 0 0 0 0 0 0 0 0 0 0 0 0 0 0 0 0; 0 0 0 0 0 0 0 0 0 0 0 0 0 0 0 0 0 0 0 0; 0 0 0 0 0 0 0 0 0 0 0 0 0 0 0 0 0 0 0 0; 0 0 0 0 0 0 0 0 0 0 0 0 0 0 0 0 0 0 0 0; 0 0 0 0 0 0 0 0 0 0 0 0 0 0 0 0 0 0 0 0; 0 0 0 0 0 0 0 0 0 0 0 0 0 0 0 0 0 0 0 0; 0 0 0 0 0 0 0 0 0 0 0 0 0 0 0 0 0 0 0 0; 0 0 0 0 0 0 0 0 0 0 0 0 0 0 0 0 0 0 0 0; 0 0 0 0 0 0 0 0 0 0 0 0 0 0 0 0 0 0 0 0], Int8[1 1 1 1 0 0 0 0 0 0 0 0 0 0 0 0 0 0 0 0; 2 2 2 0 0 0 0 0 0 0 0 0 0 0 0 0 0 0 0 0; 2 2 2 0 0 0 0 0 0 0 0 0 0 0 0 0 0 0 0 0; 2 1 1 0 0 0 0 0 0 0 0 0 0 0 0 0 0 0 0 0; 2 2 2 0 0 0 0 0 0 0 0 0 0 0 0 0 0 0 0 0; 2 2 3 0 0 0 0 0 0 0 0 0 0 0 0 0 0 0 0 0; 2 2 2 0 0 0 0 0 0 0 0 0 0 0 0 0 0 0 0 0; 2 2 2 1 1 0 0 0 0 0 0 0 0 0 0 0 0 0 0 0; 2 2 2 1 1 0 0 0 0 0 0 0 0 0 0 0 0 0 0 0; 2 1 2 2 0 0 0 0 0 0 0 0 0 0 0 0 0 0 0 0; 1 2 2 2 1 1 1 1 0 0 0 0 0 0 0 0 0 0 0 0; 0 0 2 1 1 1 1 0 0 0 0 0 0 0 0 0 0 0 0 0; 0 0 1 1 1 1 1 0 0 0 0 0 0 0 0 0 0 0 0 0; 0 0 0 0 1 0 0 0 0 0 0 0 0 0 0 0 0 0 0 0; 0 0 0 0 0 0 0 0 0 0 0 0 0 0 0 0 0 0 0 0; 0 0 0 0 0 0 0 0 0 0 0 0 0 0 0 0 0 0 0 0; 0 0 0 0 0 0 0 0 0 0 0 0 0 0 0 0 0 0 0 0; 0 0 0 0 0 0 0 0 0 0 0 0 0 0 0 0 0 0 0 0; 0 0 0 0 0 0 0 0 0 0 0 0 0 0 0 0 0 0 0 0; 0 0 0 0 0 0 0 0 0 0 0 0 0 0 0 0 0 0 0 0]]";[0.0, 2.0, 5.0];[0.0, 2.8284271247461903, 6.4031242374328485];[2.0, 0.0, 7.0];[2.8284271247461903, 0.0, 7.280109889280518];[5.0, 7.0, 0.0];[6.4031242374328485, 7.280109889280518, 0.0]
5;0.21483375959079284;"MMatrix[Int8[1 2 3 2 2 0 0 0 0 0 0 0 0 0 0 0 0 0 0 0; 2 4 4 3 2 0 0 0 0 0 0 0 0 0 0 0 0 0 0 0; 3 3 4 3 2 0 0 0 0 0 0 0 0 0 0 0 0 0 0 0; 3 2 2 0 0 0 0 0 0 0 0 0 0 0 0 0 0 0 0 0; 2 2 3 0 0 0 0 0 0 0 0 0 0 0 0 0 0 0 0 0; 2 3 3 0 0 0 0 0 0 0 0 0 0 0 0 0 0 0 0 0; 2 2 3 0 0 0 0 0 0 0 0 0 0 0 0 0 0 0 0 0; 2 2 1 1 1 0 0 0 0 0 0 0 0 0 0 0 0 0 0 0; 2 1 1 1 1 0 0 0 0 0 0 0 0 0 0 0 0 0 0 0; 1 1 1 1 0 0 0 0 0 0 0 0 0 0 0 0 0 0 0 0; 0 0 1 0 0 0 0 0 0 0 0 0 0 0 0 0 0 0 0 0; 0 0 0 0 0 0 0 0 0 0 0 0 0 0 0 0 0 0 0 0; 0 0 0 0 0 0 0 0 0 0 0 0 0 0 0 0 0 0 0 0; 0 0 0 0 0 0 0 0 0 0 0 0 0 0 0 0 0 0 0 0; 0 0 0 0 0 0 0 0 0 0 0 0 0 0 0 0 0 0 0 0; 0 0 0 0 0 0 0 0 0 0 0 0 0 0 0 0 0 0 0 0; 0 0 0 0 0 0 0 0 0 0 0 0 0 0 0 0 0 0 0 0; 0 0 0 0 0 0 0 0 0 0 0 0 0 0 0 0 0 0 0 0; 0 0 0 0 0 0 0 0 0 0 0 0 0 0 0 0 0 0 0 0; 0 0 0 0 0 0 0 0 0 0 0 0 0 0 0 0 0 0 0 0], Int8[1 3 3 2 1 0 0 0 0 0 0 0 0 0 0 0 0 0 0 0; 4 4 5 4 2 0 0 0 0 0 0 0 0 0 0 0 0 0 0 0; 4 5 5 4 2 0 0 0 0 0 0 0 0 0 0 0 0 0 0 0; 2 1 2 0 0 0 0 0 0 0 0 0 0 0 0 0 0 0 0 0; 2 2 2 0 0 0 0 0 0 0 0 0 0 0 0 0 0 0 0 0; 1 2 2 0 0 0 0 0 0 0 0 0 0 0 0 0 0 0 0 0; 1 1 1 0 0 0 0 0 0 0 0 0 0 0 0 0 0 0 0 0; 1 1 0 1 0 0 0 0 0 0 0 0 0 0 0 0 0 0 0 0; 1 0 0 0 1 0 0 0 0 0 0 0 0 0 0 0 0 0 0 0; 0 0 0 0 0 0 0 0 0 0 0 0 0 0 0 0 0 0 0 0; 0 0 0 0 0 0 0 0 0 0 0 0 0 0 0 0 0 0 0 0; 0 0 0 0 0 0 0 0 0 0 0 0 0 0 0 0 0 0 0 0; 0 0 0 0 0 0 0 0 0 0 0 0 0 0 0 0 0 0 0 0; 0 0 0 0 0 0 0 0 0 0 0 0 0 0 0 0 0 0 0 0; 0 0 0 0 0 0 0 0 0 0 0 0 0 0 0 0 0 0 0 0; 0 0 0 0 0 0 0 0 0 0 0 0 0 0 0 0 0 0 0 0; 0 0 0 0 0 0 0 0 0 0 0 0 0 0 0 0 0 0 0 0; 0 0 0 0 0 0 0 0 0 0 0 0 0 0 0 0 0 0 0 0; 0 0 0 0 0 0 0 0 0 0 0 0 0 0 0 0 0 0 0 0; 0 0 0 0 0 0 0 0 0 0 0 0 0 0 0 0 0 0 0 0], Int8[1 1 1 1 0 0 0 0 0 0 0 0 0 0 0 0 0 0 0 0; 2 2 2 0 0 0 0 0 0 0 0 0 0 0 0 0 0 0 0 0; 2 2 2 0 0 0 0 0 0 0 0 0 0 0 0 0 0 0 0 0; 2 1 1 0 0 0 0 0 0 0 0 0 0 0 0 0 0 0 0 0; 2 2 2 0 0 0 0 0 0 0 0 0 0 0 0 0 0 0 0 0; 2 2 3 0 0 0 0 0 0 0 0 0 0 0 0 0 0 0 0 0; 2 2 2 0 0 0 0 0 0 0 0 0 0 0 0 0 0 0 0 0; 2 2 2 1 1 0 0 0 0 0 0 0 0 0 0 0 0 0 0 0; 2 2 2 1 1 0 0 0 0 0 0 0 0 0 0 0 0 0 0 0; 2 1 2 2 0 0 0 0 0 0 0 0 0 0 0 0 0 0 0 0; 1 2 2 2 2 2 2 2 1 0 0 0 0 0 0 0 0 0 0 0; 0 0 2 1 2 2 2 1 1 0 0 0 0 0 0 0 0 0 0 0; 0 0 1 2 2 2 1 1 1 1 0 0 0 0 0 0 0 0 0 0; 0 0 0 0 1 0 0 0 0 0 0 0 0 0 0 0 0 0 0 0; 0 0 0 0 0 0 0 0 0 0 0 0 0 0 0 0 0 0 0 0; 0 0 0 0 0 0 0 0 0 0 0 0 0 0 0 0 0 0 0 0; 0 0 0 0 0 0 0 0 0 0 0 0 0 0 0 0 0 0 0 0; 0 0 0 0 0 0 0 0 0 0 0 0 0 0 0 0 0 0 0 0; 0 0 0 0 0 0 0 0 0 0 0 0 0 0 0 0 0 0 0 0; 0 0 0 0 0 0 0 0 0 0 0 0 0 0 0 0 0 0 0 0]]";[0.0, 1.0, 5.0];[0.0, 1.0, 6.4031242374328485];[1.0, 0.0, 6.0];[1.0, 0.0, 7.211102550927978];[5.0, 6.0, 0.0];[6.4031242374328485, 7.211102550927978, 0.0]
6;0.2506393861892583;"MMatrix[Int8[1 2 3 2 2 0 0 0 0 0 0 0 0 0 0 0 0 0 0 0; 2 4 4 3 2 0 0 0 0 0 0 0 0 0 0 0 0 0 0 0; 3 3 4 3 2 0 0 0 0 0 0 0 0 0 0 0 0 0 0 0; 3 2 2 0 0 0 0 0 0 0 0 0 0 0 0 0 0 0 0 0; 2 2 3 0 0 0 0 0 0 0 0 0 0 0 0 0 0 0 0 0; 2 3 3 0 0 0 0 0 0 0 0 0 0 0 0 0 0 0 0 0; 2 2 3 0 0 0 0 0 0 0 0 0 0 0 0 0 0 0 0 0; 2 3 2 2 1 0 0 0 0 0 0 0 0 0 0 0 0 0 0 0; 2 1 2 2 2 0 0 0 0 0 0 0 0 0 0 0 0 0 0 0; 1 1 2 2 0 0 0 0 0 0 0 0 0 0 0 0 0 0 0 0; 0 0 1 0 0 0 0 0 0 0 0 0 0 0 0 0 0 0 0 0; 0 0 0 0 0 0 0 0 0 0 0 0 0 0 0 0 0 0 0 0; 0 0 0 0 0 0 0 0 0 0 0 0 0 0 0 0 0 0 0 0; 0 0 0 0 0 0 0 0 0 0 0 0 0 0 0 0 0 0 0 0; 0 0 0 0 0 0 0 0 0 0 0 0 0 0 0 0 0 0 0 0; 0 0 0 0 0 0 0 0 0 0 0 0 0 0 0 0 0 0 0 0; 0 0 0 0 0 0 0 0 0 0 0 0 0 0 0 0 0 0 0 0; 0 0 0 0 0 0 0 0 0 0 0 0 0 0 0 0 0 0 0 0; 0 0 0 0 0 0 0 0 0 0 0 0 0 0 0 0 0 0 0 0; 0 0 0 0 0 0 0 0 0 0 0 0 0 0 0 0 0 0 0 0], Int8[1 3 3 2 1 0 0 0 0 0 0 0 0 0 0 0 0 0 0 0; 4 4 5 4 2 0 0 0 0 0 0 0 0 0 0 0 0 0 0 0; 4 5 5 4 2 0 0 0 0 0 0 0 0 0 0 0 0 0 0 0; 3 1 2 0 0 0 0 0 0 0 0 0 0 0 0 0 0 0 0 0; 3 3 3 0 0 0 0 0 0 0 0 0 0 0 0 0 0 0 0 0; 2 3 3 0 0 0 0 0 0 0 0 0 0 0 0 0 0 0 0 0; 1 2 2 0 0 0 0 0 0 0 0 0 0 0 0 0 0 0 0 0; 2 2 1 1 0 0 0 0 0 0 0 0 0 0 0 0 0 0 0 0; 2 1 1 0 1 0 0 0 0 0 0 0 0 0 0 0 0 0 0 0; 1 0 0 0 0 0 0 0 0 0 0 0 0 0 0 0 0 0 0 0; 0 0 0 0 0 0 0 0 0 0 0 0 0 0 0 0 0 0 0 0; 0 0 0 0 0 0 0 0 0 0 0 0 0 0 0 0 0 0 0 0; 0 0 0 0 0 0 0 0 0 0 0 0 0 0 0 0 0 0 0 0; 0 0 0 0 0 0 0 0 0 0 0 0 0 0 0 0 0 0 0 0; 0 0 0 0 0 0 0 0 0 0 0 0 0 0 0 0 0 0 0 0; 0 0 0 0 0 0 0 0 0 0 0 0 0 0 0 0 0 0 0 0; 0 0 0 0 0 0 0 0 0 0 0 0 0 0 0 0 0 0 0 0; 0 0 0 0 0 0 0 0 0 0 0 0 0 0 0 0 0 0 0 0; 0 0 0 0 0 0 0 0 0 0 0 0 0 0 0 0 0 0 0 0; 0 0 0 0 0 0 0 0 0 0 0 0 0 0 0 0 0 0 0 0], Int8[1 1 1 1 0 0 0 0 0 0 0 0 0 0 0 0 0 0 0 0; 2 2 2 0 0 0 0 0 0 0 0 0 0 0 0 0 0 0 0 0; 2 2 2 0 0 0 0 0 0 0 0 0 0 0 0 0 0 0 0 0; 2 1 1 0 0 0 0 0 0 0 0 0 0 0 0 0 0 0 0 0; 2 2 2 0 0 0 0 0 0 0 0 0 0 0 0 0 0 0 0 0; 2 2 3 0 0 0 0 0 0 0 0 0 0 0 0 0 0 0 0 0; 2 2 2 0 0 0 0 0 0 0 0 0 0 0 0 0 0 0 0 0; 2 2 2 1 1 0 0 0 0 0 0 0 0 0 0 0 0 0 0 0; 2 2 2 1 1 0 0 0 0 0 0 0 0 0 0 0 0 0 0 0; 2 1 2 2 0 0 0 0 0 1 0 0 0 0 0 0 0 0 0 0; 1 2 2 2 2 2 2 3 2 1 1 1 0 0 0 0 0 0 0 0; 0 0 2 1 2 2 2 2 2 1 1 1 0 0 0 0 0 0 0 0; 0 0 1 2 2 2 2 2 2 1 1 1 1 0 0 0 0 0 0 0; 0 0 0 0 1 0 0 0 0 0 0 0 0 0 0 0 0 0 0 0; 0 0 0 0 0 0 0 0 0 0 0 0 0 0 0 0 0 0 0 0; 0 0 0 0 0 0 0 0 0 0 0 0 0 0 0 0 0 0 0 0; 0 0 0 0 0 0 0 0 0 0 0 0 0 0 0 0 0 0 0 0; 0 0 0 0 0 0 0 0 0 0 0 0 0 0 0 0 0 0 0 0; 0 0 0 0 0 0 0 0 0 0 0 0 0 0 0 0 0 0 0 0; 0 0 0 0 0 0 0 0 0 0 0 0 0 0 0 0 0 0 0 0]]";[0.0, 4.0, 8.0];[0.0, 4.123105625617661, 7.0710678118654755];[4.0, 0.0, 9.0];[4.123105625617661, 0.0, 10.816653826391969];[8.0, 9.0, 0.0];[7.0710678118654755, 10.816653826391969, 0.0]
7;0.2966751918158568;"MMatrix[Int8[1 2 3 2 2 0 0 0 0 0 0 0 0 0 0 0 0 0 0 0; 2 4 4 3 2 0 0 0 0 0 0 0 0 0 0 0 0 0 0 0; 3 3 4 3 2 0 0 0 0 0 0 0 0 0 0 0 0 0 0 0; 3 2 2 0 0 0 0 0 0 0 0 0 0 0 0 0 0 0 0 0; 2 2 3 0 0 0 0 0 0 0 0 0 0 0 0 0 0 0 0 0; 2 3 3 0 0 0 0 0 0 0 0 0 0 0 0 0 0 0 0 0; 2 2 4 0 0 0 0 0 0 0 0 0 0 0 0 0 0 0 0 0; 2 3 3 3 2 0 0 0 0 0 0 0 0 0 0 0 0 0 0 0; 2 2 3 3 2 0 0 0 0 0 0 0 0 0 0 0 0 0 0 0; 1 1 3 3 0 0 0 0 0 0 0 0 0 0 0 0 0 0 0 0; 0 0 2 0 0 0 0 0 0 0 0 0 0 0 0 0 0 0 0 0; 0 0 0 0 0 0 0 0 0 0 0 0 0 0 0 0 0 0 0 0; 0 0 0 0 0 0 0 0 0 0 0 0 0 0 0 0 0 0 0 0; 0 0 0 0 0 0 0 0 0 0 0 0 0 0 0 0 0 0 0 0; 0 0 0 0 0 0 0 0 0 0 0 0 0 0 0 0 0 0 0 0; 0 0 0 0 0 0 0 0 0 0 0 0 0 0 0 0 0 0 0 0; 0 0 0 0 0 0 0 0 0 0 0 0 0 0 0 0 0 0 0 0; 0 0 0 0 0 0 0 0 0 0 0 0 0 0 0 0 0 0 0 0; 0 0 0 0 0 0 0 0 0 0 0 0 0 0 0 0 0 0 0 0; 0 0 0 0 0 0 0 0 0 0 0 0 0 0 0 0 0 0 0 0], Int8[1 3 3 2 1 0 0 0 0 0 0 0 0 0 0 0 0 0 0 0; 4 4 5 4 2 0 0 0 0 0 0 0 0 0 0 0 0 0 0 0; 4 5 5 4 2 0 0 0 0 0 0 0 0 0 0 0 0 0 0 0; 3 1 2 0 0 0 0 0 0 0 0 0 0 0 0 0 0 0 0 0; 3 3 3 0 0 0 0 0 0 0 0 0 0 0 0 0 0 0 0 0; 2 3 3 0 0 0 0 0 0 0 0 0 0 0 0 0 0 0 0 0; 2 2 2 0 0 0 0 0 0 0 0 0 0 0 0 0 0 0 0 0; 3 3 2 1 0 0 0 0 0 0 0 0 0 0 0 0 0 0 0 0; 3 2 2 0 1 0 0 0 0 0 0 0 0 0 0 0 0 0 0 0; 1 1 1 1 0 0 0 0 0 0 0 0 0 0 0 0 0 0 0 0; 1 1 1 0 0 0 0 0 0 0 0 0 0 0 0 0 0 0 0 0; 1 1 1 0 0 0 0 0 0 0 0 0 0 0 0 0 0 0 0 0; 1 0 0 0 0 0 0 0 0 0 0 0 0 0 0 0 0 0 0 0; 0 0 0 0 0 0 0 0 0 0 0 0 0 0 0 0 0 0 0 0; 0 0 0 0 0 0 0 0 0 0 0 0 0 0 0 0 0 0 0 0; 0 0 0 0 0 0 0 0 0 0 0 0 0 0 0 0 0 0 0 0; 0 0 0 0 0 0 0 0 0 0 0 0 0 0 0 0 0 0 0 0; 0 0 0 0 0 0 0 0 0 0 0 0 0 0 0 0 0 0 0 0; 0 0 0 0 0 0 0 0 0 0 0 0 0 0 0 0 0 0 0 0; 0 0 0 0 0 0 0 0 0 0 0 0 0 0 0 0 0 0 0 0], Int8[1 1 1 1 0 0 0 0 0 0 0 0 0 0 0 0 0 0 0 0; 2 2 2 0 0 0 0 0 0 0 0 0 0 0 0 0 0 0 0 0; 2 2 2 0 0 0 0 0 0 0 0 0 0 0 0 0 0 0 0 0; 2 1 1 0 0 0 0 0 0 0 0 0 0 0 0 0 0 0 0 0; 2 2 2 0 0 0 0 0 0 0 0 0 0 0 0 0 0 0 0 0; 2 2 3 0 0 0 0 0 0 0 0 0 0 0 0 0 0 0 0 0; 2 2 2 0 0 0 0 0 0 0 0 0 0 0 0 0 0 0 0 0; 2 2 2 1 1 0 0 0 0 0 0 0 0 0 0 0 0 0 0 0; 2 2 2 1 1 0 0 0 0 0 0 0 0 0 0 0 0 0 0 0; 2 1 2 2 0 0 0 0 0 1 0 0 0 0 0 0 0 0 0 0; 1 2 2 2 2 2 2 3 2 1 2 2 1 1 1 0 0 0 0 0; 0 0 2 1 2 2 2 2 2 1 2 2 1 1 1 0 0 0 0 0; 0 0 1 2 2 2 2 2 2 2 2 2 1 1 1 0 0 0 0 0; 0 0 0 0 1 0 0 0 0 0 0 0 0 1 1 0 0 0 0 0; 0 0 0 0 0 0 0 0 0 0 0 0 0 0 1 0 0 0 0 0; 0 0 0 0 0 0 0 0 0 0 0 0 0 0 0 0 0 0 0 0; 0 0 0 0 0 0 0 0 0 0 0 0 0 0 0 0 0 0 0 0; 0 0 0 0 0 0 0 0 0 0 0 0 0 0 0 0 0 0 0 0; 0 0 0 0 0 0 0 0 0 0 0 0 0 0 0 0 0 0 0 0; 0 0 0 0 0 0 0 0 0 0 0 0 0 0 0 0 0 0 0 0]]";[0.0, 4.0, 10.0];[0.0, 4.123105625617661, 8.94427190999916];[4.0, 0.0, 12.0];[4.123105625617661, 0.0, 12.36931687685298];[10.0, 12.0, 0.0];[8.94427190999916, 12.36931687685298, 0.0]
8;0.33248081841432225;"MMatrix[Int8[1 2 3 2 2 0 0 0 0 0 0 0 0 0 0 0 0 0 0 0; 2 4 4 3 2 0 0 0 0 0 0 0 0 0 0 0 0 0 0 0; 3 3 4 3 2 0 0 0 0 0 0 0 0 0 0 0 0 0 0 0; 3 2 2 0 0 0 0 0 0 0 0 0 0 0 0 0 0 0 0 0; 2 2 3 0 0 0 0 0 0 0 0 0 0 0 0 0 0 0 0 0; 2 3 3 0 0 0 0 0 0 0 0 0 0 0 0 0 0 0 0 0; 2 2 4 0 0 0 0 0 0 0 0 0 0 0 0 0 0 0 0 0; 2 4 4 4 2 0 0 0 0 0 0 0 0 0 0 0 0 0 0 0; 2 2 4 4 3 0 0 0 0 0 0 0 0 0 0 0 0 0 0 0; 1 1 4 4 0 0 0 0 0 0 0 0 0 0 0 0 0 0 0 0; 0 0 2 0 0 0 0 0 0 0 0 0 0 0 0 0 0 0 0 0; 0 0 0 0 0 0 0 0 0 0 0 0 0 0 0 0 0 0 0 0; 0 0 0 0 0 0 0 0 0 0 0 0 0 0 0 0 0 0 0 0; 0 0 0 0 0 0 0 0 0 0 0 0 0 0 0 0 0 0 0 0; 0 0 0 0 0 0 0 0 0 0 0 0 0 0 0 0 0 0 0 0; 0 0 0 0 0 0 0 0 0 0 0 0 0 0 0 0 0 0 0 0; 0 0 0 0 0 0 0 0 0 0 0 0 0 0 0 0 0 0 0 0; 0 0 0 0 0 0 0 0 0 0 0 0 0 0 0 0 0 0 0 0; 0 0 0 0 0 0 0 0 0 0 0 0 0 0 0 0 0 0 0 0; 0 0 0 0 0 0 0 0 0 0 0 0 0 0 0 0 0 0 0 0], Int8[1 3 3 2 1 0 0 0 0 0 0 0 0 0 0 0 0 0 0 0; 4 4 5 4 2 0 0 0 0 0 0 0 0 0 0 0 0 0 0 0; 4 5 5 4 2 0 0 0 0 0 0 0 0 0 0 0 0 0 0 0; 3 1 2 0 0 0 0 0 0 0 0 0 0 0 0 0 0 0 0 0; 3 3 3 0 0 0 0 0 0 0 0 0 0 0 0 0 0 0 0 0; 2 3 3 0 0 0 0 0 0 0 0 0 0 0 0 0 0 0 0 0; 2 2 2 0 0 0 0 0 0 0 0 0 0 0 0 0 0 0 0 0; 3 3 2 1 0 0 0 0 0 0 0 0 0 0 0 0 0 0 0 0; 3 2 2 0 1 0 0 0 0 0 0 0 0 0 0 0 0 0 0 0; 2 1 1 1 0 0 0 0 0 0 0 0 0 0 0 0 0 0 0 0; 2 2 2 0 0 0 0 0 0 0 0 0 0 0 0 0 0 0 0 0; 2 2 2 0 0 0 0 0 0 0 0 0 0 0 0 0 0 0 0 0; 1 1 1 1 0 0 0 0 0 0 0 0 0 0 0 0 0 0 0 0; 0 0 0 0 0 0 0 0 0 0 0 0 0 0 0 0 0 0 0 0; 0 0 0 0 0 0 0 0 0 0 0 0 0 0 0 0 0 0 0 0; 0 0 0 0 0 0 0 0 0 0 0 0 0 0 0 0 0 0 0 0; 0 0 0 0 0 0 0 0 0 0 0 0 0 0 0 0 0 0 0 0; 0 0 0 0 0 0 0 0 0 0 0 0 0 0 0 0 0 0 0 0; 0 0 0 0 0 0 0 0 0 0 0 0 0 0 0 0 0 0 0 0; 0 0 0 0 0 0 0 0 0 0 0 0 0 0 0 0 0 0 0 0], Int8[1 1 1 1 0 0 0 0 0 0 0 0 0 0 0 0 0 0 0 0; 2 2 2 0 0 0 0 0 0 0 0 0 0 0 0 0 0 0 0 0; 2 2 2 0 0 0 0 0 0 0 0 0 0 0 0 0 0 0 0 0; 2 1 1 0 0 0 0 0 0 0 0 0 0 0 0 0 0 0 0 0; 2 2 2 0 0 0 0 0 0 0 0 0 0 0 0 0 0 0 0 0; 2 2 3 0 0 0 0 0 0 0 0 0 0 0 0 0 0 0 0 0; 2 2 2 0 0 0 0 0 0 0 0 0 0 0 0 0 0 0 0 0; 2 2 2 1 1 0 0 0 0 0 0 0 0 0 1 0 0 0 0 0; 2 2 2 1 1 0 0 0 0 0 0 0 0 1 1 1 1 0 0 0; 2 1 2 2 0 0 0 0 0 1 0 0 0 1 1 1 0 0 0 0; 1 2 2 2 2 2 2 3 2 1 2 3 2 2 1 0 0 0 0 0; 0 0 2 1 2 2 2 2 2 1 2 2 2 2 2 0 0 0 0 0; 0 0 1 2 2 2 2 2 2 2 2 2 2 2 2 0 0 0 0 0; 0 0 0 0 1 0 0 0 0 0 0 0 0 1 2 0 0 0 0 0; 0 0 0 0 0 0 0 0 0 0 0 0 0 0 1 0 0 0 0 0; 0 0 0 0 0 0 0 0 0 0 0 0 0 0 0 0 0 0 0 0; 0 0 0 0 0 0 0 0 0 0 0 0 0 0 0 0 0 0 0 0; 0 0 0 0 0 0 0 0 0 0 0 0 0 0 0 0 0 0 0 0; 0 0 0 0 0 0 0 0 0 0 0 0 0 0 0 0 0 0 0 0; 0 0 0 0 0 0 0 0 0 0 0 0 0 0 0 0 0 0 0 0]]";[0.0, 5.0, 13.0];[0.0, 6.4031242374328485, 10.44030650891055];[5.0, 0.0, 14.0];[6.4031242374328485, 0.0, 14.142135623730951];[13.0, 14.0, 0.0];[10.44030650891055, 14.142135623730951, 0.0]
9;0.391304347826087;"MMatrix[Int8[1 2 3 2 2 0 0 0 0 0 0 0 0 0 0 0 0 0 0 0; 2 4 4 3 2 0 0 0 0 0 0 0 0 0 0 0 0 0 0 0; 3 3 4 3 2 0 0 0 0 0 0 0 0 0 0 0 0 0 0 0; 3 2 2 0 0 0 0 0 0 0 0 0 0 0 0 0 0 0 0 0; 2 2 3 0 0 0 0 0 0 0 0 0 0 0 0 0 0 0 0 0; 2 3 3 0 0 0 0 0 0 0 0 0 0 0 0 0 0 0 0 0; 2 2 5 0 0 0 0 0 0 0 0 0 0 0 0 0 0 0 0 0; 3 5 5 5 3 0 0 0 0 0 0 0 0 0 0 0 0 0 0 0; 3 3 5 5 4 0 0 0 0 0 0 0 0 0 0 0 0 0 0 0; 2 2 4 5 0 0 0 0 0 0 0 0 0 0 0 0 0 0 0 0; 1 1 3 1 1 0 0 0 0 0 0 0 0 0 0 0 0 0 0 0; 1 1 1 1 1 0 0 0 0 0 0 0 0 0 0 0 0 0 0 0; 0 0 1 0 0 0 0 0 0 0 0 0 0 0 0 0 0 0 0 0; 0 0 0 0 0 0 0 0 0 0 0 0 0 0 0 0 0 0 0 0; 0 0 0 0 0 0 0 0 0 0 0 0 0 0 0 0 0 0 0 0; 0 0 0 0 0 0 0 0 0 0 0 0 0 0 0 0 0 0 0 0; 0 0 0 0 0 0 0 0 0 0 0 0 0 0 0 0 0 0 0 0; 0 0 0 0 0 0 0 0 0 0 0 0 0 0 0 0 0 0 0 0; 0 0 0 0 0 0 0 0 0 0 0 0 0 0 0 0 0 0 0 0; 0 0 0 0 0 0 0 0 0 0 0 0 0 0 0 0 0 0 0 0], Int8[1 3 3 2 1 0 0 0 0 0 0 0 0 0 0 0 0 0 0 0; 4 4 5 4 2 0 0 0 0 0 0 0 0 0 0 0 0 0 0 0; 4 5 5 4 2 0 0 0 0 0 0 0 0 0 0 0 0 0 0 0; 3 1 2 0 0 0 0 0 0 0 0 0 0 0 0 0 0 0 0 0; 3 3 3 0 0 0 0 0 0 0 0 0 0 0 0 0 0 0 0 0; 2 3 3 0 0 0 0 0 0 0 0 0 0 0 0 0 0 0 0 0; 2 2 2 0 0 0 0 0 0 0 0 0 0 0 0 0 0 0 0 0; 3 3 2 1 0 0 0 0 0 0 0 0 0 0 0 0 0 0 0 0; 3 2 2 0 1 0 0 0 0 0 0 0 0 0 0 0 0 0 0 0; 2 1 1 2 0 0 0 0 0 0 0 0 0 0 0 0 0 0 0 0; 2 3 3 1 1 1 0 0 0 0 0 0 0 0 0 0 0 0 0 0; 2 3 3 1 1 1 0 0 0 0 0 0 0 0 0 0 0 0 0 0; 2 2 2 1 1 1 1 0 0 0 0 0 0 0 0 0 0 0 0 0; 0 0 0 1 1 0 0 0 0 0 0 0 0 0 0 0 0 0 0 0; 0 0 0 1 1 0 0 0 0 0 0 0 0 0 0 0 0 0 0 0; 0 0 0 1 0 0 0 0 0 0 0 0 0 0 0 0 0 0 0 0; 0 0 0 0 0 0 0 0 0 0 0 0 0 0 0 0 0 0 0 0; 0 0 0 0 0 0 0 0 0 0 0 0 0 0 0 0 0 0 0 0; 0 0 0 0 0 0 0 0 0 0 0 0 0 0 0 0 0 0 0 0; 0 0 0 0 0 0 0 0 0 0 0 0 0 0 0 0 0 0 0 0], Int8[1 1 1 1 0 0 0 0 0 0 0 0 0 0 0 0 0 0 0 0; 2 2 2 0 0 0 0 0 0 0 0 0 0 0 0 0 0 0 0 0; 2 2 2 0 0 0 0 0 0 0 0 0 0 0 0 0 0 0 0 0; 2 1 1 0 0 0 0 0 0 0 0 0 0 0 0 0 0 0 0 0; 2 2 2 0 0 0 0 0 0 0 0 0 0 0 0 0 0 0 0 0; 2 2 3 0 0 0 0 0 0 0 0 0 0 1 1 1 1 0 0 0; 2 2 2 0 0 0 0 0 0 0 0 0 0 1 1 1 1 0 0 0; 2 2 2 1 1 0 0 0 0 0 0 0 0 1 1 1 1 1 0 0; 2 2 2 1 1 0 0 0 0 0 0 0 0 2 2 2 2 0 0 0; 2 1 2 2 0 0 0 0 0 1 0 0 0 2 2 2 1 0 0 0; 1 2 2 2 2 2 2 3 2 1 2 3 2 2 2 0 0 0 0 0; 0 0 2 1 2 2 2 2 2 1 2 2 2 2 2 0 0 0 0 0; 0 0 1 2 2 2 2 2 2 2 2 2 2 2 2 0 0 0 0 0; 0 0 0 0 1 0 0 0 0 0 0 0 0 1 2 0 0 0 0 0; 0 0 0 0 0 0 0 0 0 0 0 0 0 0 1 0 0 0 0 0; 0 0 0 0 0 0 0 0 0 0 0 0 0 0 0 0 0 0 0 0; 0 0 0 0 0 0 0 0 0 0 0 0 0 0 0 0 0 0 0 0; 0 0 0 0 0 0 0 0 0 0 0 0 0 0 0 0 0 0 0 0; 0 0 0 0 0 0 0 0 0 0 0 0 0 0 0 0 0 0 0 0; 0 0 0 0 0 0 0 0 0 0 0 0 0 0 0 0 0 0 0 0]]";[0.0, 3.0, 13.0];[0.0, 3.1622776601683795, 12.165525060596439];[3.0, 0.0, 12.0];[3.1622776601683795, 0.0, 12.083045973594572];[13.0, 12.0, 0.0];[12.165525060596439, 12.083045973594572, 0.0]
10;0.45524296675191817;"MMatrix[Int8[1 2 3 2 2 0 0 0 0 0 0 0 0 0 0 0 0 0 0 0; 2 4 4 3 2 0 0 0 0 0 0 0 0 0 0 0 0 0 0 0; 3 3 4 3 2 0 0 0 0 0 0 0 0 0 0 0 0 0 0 0; 3 2 2 0 0 0 0 0 0 0 0 0 0 0 0 0 0 0 0 0; 2 2 3 0 0 0 0 0 0 0 0 0 0 0 0 0 0 0 0 0; 2 3 3 0 0 0 0 0 0 0 0 0 0 0 0 0 0 0 0 0; 2 2 5 0 0 0 0 0 0 0 0 0 0 0 0 0 0 0 0 0; 3 5 5 5 3 0 0 0 0 0 0 0 0 0 0 0 0 0 0 0; 3 3 5 5 4 0 0 0 0 0 0 0 0 0 0 0 0 0 0 0; 2 2 5 5 0 0 0 0 0 0 0 0 0 0 0 0 0 0 0 0; 2 2 4 2 2 0 0 0 0 0 0 0 0 0 0 0 0 0 0 0; 2 2 2 2 1 0 0 0 0 0 0 0 0 0 0 0 0 0 0 0; 1 1 1 0 0 0 0 0 0 0 0 0 0 0 0 0 0 0 0 0; 0 0 0 1 0 0 0 0 0 0 0 0 0 0 0 0 0 0 0 0; 0 0 0 0 1 0 0 0 0 0 0 0 0 0 0 0 0 0 0 0; 0 0 0 0 0 0 0 0 0 0 0 0 0 0 0 0 0 0 0 0; 0 0 0 0 0 0 0 0 0 0 0 0 0 0 0 0 0 0 0 0; 0 0 0 0 0 0 0 0 0 0 0 0 0 0 0 0 0 0 0 0; 0 0 0 0 0 0 0 0 0 0 0 0 0 0 0 0 0 0 0 0; 0 0 0 0 0 0 0 0 0 0 0 0 0 0 0 0 0 0 0 0], Int8[1 3 3 2 1 0 0 0 0 0 0 0 0 0 0 0 0 0 0 0; 4 4 5 4 2 0 0 0 0 0 0 0 0 0 0 0 0 0 0 0; 4 5 5 4 2 0 0 0 0 0 0 0 0 0 0 0 0 0 0 0; 3 1 2 0 0 0 0 0 0 0 0 0 0 0 0 0 0 0 0 0; 3 3 3 0 0 0 0 0 0 0 0 0 0 0 0 0 0 0 0 0; 2 3 3 0 0 0 0 0 0 0 0 0 0 0 0 0 0 0 0 0; 2 2 2 0 0 0 0 0 0 0 0 0 0 0 0 0 0 0 0 0; 3 3 2 1 0 0 0 0 0 0 0 0 0 0 0 0 0 0 0 0; 3 2 2 0 1 0 0 0 0 0 0 0 0 0 0 0 0 0 0 0; 2 1 1 2 0 0 0 0 0 0 0 0 0 0 0 0 0 0 0 0; 2 3 3 1 1 1 0 0 0 0 0 0 0 0 0 0 0 0 0 0; 2 3 3 1 1 1 0 0 0 0 0 0 0 0 0 0 0 0 0 0; 2 2 2 2 1 1 1 0 0 0 0 0 0 0 0 0 0 0 0 0; 0 0 0 2 2 0 0 0 0 0 0 0 0 0 0 0 0 0 0 0; 0 0 0 2 2 0 0 0 0 0 0 0 0 0 0 0 0 0 0 0; 0 0 0 1 1 0 0 0 0 0 0 0 0 0 0 0 0 0 0 0; 0 0 0 1 1 0 0 0 0 0 0 0 0 0 0 0 0 0 0 0; 0 0 0 1 1 1 0 0 0 0 0 0 0 0 0 0 0 0 0 0; 0 0 0 1 0 0 0 0 0 0 0 0 0 0 0 0 0 0 0 0; 0 0 0 0 0 0 0 0 0 0 0 0 0 0 0 0 0 0 0 0], Int8[1 1 1 1 0 0 0 0 0 0 0 0 0 0 0 0 0 0 0 0; 2 2 2 0 0 0 0 0 0 0 0 0 0 0 0 0 0 0 0 0; 2 2 2 0 0 0 0 0 0 0 0 0 0 0 0 0 1 0 0 0; 2 1 1 0 0 0 0 0 0 0 0 0 0 0 0 0 1 1 0 0; 2 2 2 0 0 0 0 0 0 0 0 0 0 0 0 0 1 1 0 0; 2 2 3 0 0 0 0 0 0 0 0 0 0 2 2 2 1 1 0 0; 2 2 2 0 0 0 0 0 0 0 0 0 0 1 2 2 2 1 0 0; 2 2 2 1 1 0 0 0 0 0 0 0 0 1 2 2 2 2 1 0; 2 2 2 1 1 0 0 0 0 0 0 0 0 2 2 2 3 0 0 0; 2 1 2 2 0 0 0 0 0 1 0 0 0 2 2 2 1 0 0 0; 1 2 2 2 2 2 2 3 2 1 2 3 2 2 2 0 0 0 0 0; 0 0 2 1 2 2 2 2 2 1 2 2 2 2 2 0 0 0 0 0; 0 0 1 2 2 2 2 2 2 2 2 2 2 2 2 0 0 0 0 0; 0 0 0 0 1 0 0 0 0 0 0 0 0 1 2 0 0 0 0 0; 0 0 0 0 0 0 0 0 0 0 0 0 0 0 1 0 0 0 0 0; 0 0 0 0 0 0 0 0 0 0 0 0 0 0 0 0 0 0 0 0; 0 0 0 0 0 0 0 0 0 0 0 0 0 0 0 0 0 0 0 0; 0 0 0 0 0 0 0 0 0 0 0 0 0 0 0 0 0 0 0 0; 0 0 0 0 0 0 0 0 0 0 0 0 0 0 0 0 0 0 0 0; 0 0 0 0 0 0 0 0 0 0 0 0 0 0 0 0 0 0 0 0]]";[0.0, 3.0, 15.0];[0.0, 3.1622776601683795, 15.652475842498529];[3.0, 0.0, 15.0];[3.1622776601683795, 0.0, 16.401219466856727];[15.0, 15.0, 0.0];[15.652475842498529, 16.401219466856727, 0.0]
11;0.5370843989769821;"MMatrix[Int8[1 2 3 2 2 0 0 0 0 0 0 0 0 0 0 0 0 0 0 0; 2 4 4 3 2 0 0 0 0 0 0 0 0 0 0 0 0 0 0 0; 3 3 4 3 2 0 0 0 0 0 0 0 0 0 0 0 0 0 0 0; 3 2 2 0 0 0 0 0 0 0 0 0 0 0 0 0 0 0 0 0; 2 2 3 0 0 0 0 0 0 0 0 0 0 0 0 0 0 0 0 0; 2 3 3 0 0 0 0 0 0 0 0 0 0 0 0 0 0 0 0 0; 2 2 5 0 0 0 0 0 0 0 0 0 0 0 0 0 0 0 0 0; 3 5 5 5 3 0 0 0 0 0 0 0 0 0 0 0 0 0 0 0; 3 3 6 5 4 0 0 0 0 0 0 0 0 0 0 0 0 0 0 0; 2 2 6 6 0 0 0 0 0 0 0 0 0 0 0 0 0 0 0 0; 2 3 5 3 2 1 1 1 0 0 0 0 0 0 0 0 0 0 0 0; 2 2 3 3 2 1 1 0 0 0 0 0 0 0 0 0 0 0 0 0; 1 1 2 1 1 1 1 0 0 0 0 0 0 0 0 0 0 0 0 0; 0 0 0 1 1 0 0 0 0 0 0 0 0 0 0 0 0 0 0 0; 0 0 0 0 1 0 0 0 0 0 0 0 0 0 0 0 0 0 0 0; 0 0 0 0 0 0 0 0 0 0 0 0 0 0 0 0 0 0 0 0; 0 0 0 0 0 0 0 0 0 0 0 0 0 0 0 0 0 0 0 0; 0 0 0 0 0 0 0 0 0 0 0 0 0 0 0 0 0 0 0 0; 0 0 0 0 0 0 0 0 0 0 0 0 0 0 0 0 0 0 0 0; 0 0 0 0 0 0 0 0 0 0 0 0 0 0 0 0 0 0 0 0], Int8[1 3 3 2 1 0 0 0 0 0 0 0 0 0 0 0 0 0 0 0; 4 4 5 4 2 0 0 0 0 0 0 0 0 0 0 0 0 0 0 0; 4 5 5 4 2 0 0 0 0 0 0 0 0 0 0 0 0 0 0 0; 3 1 2 0 0 0 0 0 0 0 0 0 0 0 0 0 0 0 0 0; 3 3 3 0 0 0 0 0 0 0 0 0 0 0 0 0 0 0 0 0; 2 3 3 0 0 0 0 0 0 0 0 0 0 0 0 0 0 0 0 0; 2 2 2 0 0 0 0 0 0 0 0 0 0 0 0 0 0 0 0 0; 3 3 2 1 0 0 0 0 0 0 0 0 0 0 0 0 0 0 0 0; 3 2 2 0 1 0 0 0 0 0 0 0 0 0 0 0 0 0 0 0; 2 1 1 2 0 0 0 0 0 0 0 0 0 0 0 0 0 0 0 0; 2 3 3 1 1 1 0 0 0 0 0 0 0 0 0 0 0 0 0 0; 2 3 3 1 1 1 0 0 0 0 0 0 0 0 0 0 0 0 0 0; 2 2 2 2 1 1 1 0 0 0 0 0 0 0 0 0 0 0 0 0; 0 0 0 2 2 0 0 0 0 0 0 0 0 0 0 0 0 0 0 0; 0 0 0 2 2 0 0 0 0 0 0 0 0 0 0 0 0 0 0 0; 0 0 0 2 1 0 0 1 0 0 0 0 0 0 0 0 0 0 0 0; 0 0 0 2 2 0 1 1 0 0 0 0 0 0 0 0 0 0 0 0; 0 0 1 2 2 1 1 1 0 0 0 0 0 0 0 0 0 0 0 0; 0 0 0 2 1 1 1 1 0 0 0 0 0 0 0 0 0 0 0 0; 0 0 0 1 1 1 1 1 0 0 0 0 0 0 0 0 0 0 0 0], Int8[1 1 1 1 0 0 0 0 0 0 0 0 0 0 1 1 1 1 1 0; 2 2 2 0 0 0 0 0 0 0 0 0 0 0 1 1 1 1 1 0; 2 2 2 0 0 0 0 0 0 0 0 0 0 1 1 1 1 1 0 0; 2 1 1 0 0 0 0 0 0 0 0 0 0 0 0 0 2 2 0 0; 2 2 2 0 0 0 0 0 0 0 0 0 0 0 0 0 2 2 0 0; 2 2 3 0 0 0 0 0 0 0 0 0 0 2 2 2 2 1 0 0; 2 2 2 0 0 0 0 0 0 0 0 0 0 1 2 2 2 1 0 0; 2 2 2 1 1 0 0 0 0 0 0 0 0 1 2 2 2 2 1 0; 2 2 2 1 1 0 0 0 0 0 0 0 0 2 2 2 3 0 0 0; 2 1 2 2 0 0 0 0 0 1 0 0 0 2 2 2 1 0 0 0; 1 2 2 2 2 2 2 3 2 1 2 3 2 2 2 0 0 0 0 0; 0 0 2 1 2 2 2 2 2 1 2 2 2 2 2 0 0 0 0 0; 0 0 1 2 2 2 2 2 2 2 2 2 2 2 2 0 0 0 0 0; 0 0 0 0 1 0 0 0 0 0 0 0 0 1 2 0 0 0 0 0; 0 0 0 0 0 0 0 0 0 0 0 0 0 0 1 0 0 0 0 0; 0 0 0 0 0 0 0 0 0 0 0 0 0 0 0 0 0 0 0 0; 0 0 0 0 0 0 0 0 0 0 0 0 0 0 0 0 0 0 0 0; 0 0 0 0 0 0 0 0 0 0 0 0 0 0 0 0 0 0 0 0; 0 0 0 0 0 0 0 0 0 0 0 0 0 0 0 0 0 0 0 0; 0 0 0 0 0 0 0 0 0 0 0 0 0 0 0 0 0 0 0 0]]";[0.0, 7.0, 16.0];[0.0, 7.0710678118654755, 14.422205101855956];[7.0, 0.0, 20.0];[7.0710678118654755, 0.0, 18.601075237738275];[16.0, 20.0, 0.0];[14.422205101855956, 18.601075237738275, 0.0]
12;0.5882352941176471;"MMatrix[Int8[1 2 3 2 2 0 0 0 0 0 0 0 0 0 0 0 0 0 0 0; 2 4 4 3 2 0 0 0 0 0 0 0 0 0 0 0 0 0 0 0; 3 3 4 3 2 0 0 0 0 0 0 0 0 0 0 0 0 0 0 0; 3 2 2 0 0 0 0 0 0 0 0 0 0 0 0 0 0 0 0 0; 2 2 3 0 0 0 0 0 0 0 0 0 0 0 0 0 0 0 0 0; 2 3 3 0 0 0 0 0 0 0 0 0 0 0 0 0 0 0 0 0; 2 2 5 0 0 0 0 0 0 0 0 0 0 0 0 0 0 0 0 0; 3 5 5 5 3 0 0 0 0 0 0 0 0 0 0 0 0 0 0 0; 3 3 6 5 4 0 0 0 0 0 0 0 0 0 0 0 0 0 0 0; 2 2 6 6 0 0 0 0 0 0 0 0 0 0 0 0 0 0 0 0; 2 3 5 3 3 2 2 1 1 1 1 0 0 0 0 0 0 0 0 0; 2 2 3 3 2 2 2 1 1 1 0 0 0 0 0 0 0 0 0 0; 1 1 2 1 1 2 2 1 1 1 0 0 0 0 0 0 0 0 0 0; 0 0 0 1 1 0 0 0 0 0 0 0 0 0 0 0 0 0 0 0; 0 0 0 0 1 0 0 0 0 0 0 0 0 0 0 0 0 0 0 0; 0 0 0 0 0 0 0 0 0 0 0 0 0 0 0 0 0 0 0 0; 0 0 0 0 0 0 0 0 0 0 0 0 0 0 0 0 0 0 0 0; 0 0 0 0 0 0 0 0 0 0 0 0 0 0 0 0 0 0 0 0; 0 0 0 0 0 0 0 0 0 0 0 0 0 0 0 0 0 0 0 0; 0 0 0 0 0 0 0 0 0 0 0 0 0 0 0 0 0 0 0 0], Int8[1 3 3 2 1 0 0 0 0 0 0 0 0 0 0 0 0 0 0 0; 4 4 5 4 2 0 0 0 0 0 0 0 0 0 0 0 0 0 0 0; 4 5 5 4 2 0 0 0 0 0 0 0 0 0 0 0 0 0 0 0; 3 1 2 0 0 0 0 0 0 0 0 0 0 0 0 0 0 0 0 0; 3 3 3 0 0 0 0 0 0 0 0 0 0 0 0 0 0 0 0 0; 2 3 3 0 0 0 0 0 0 0 0 0 0 0 0 0 0 0 0 0; 2 2 2 0 0 0 0 0 0 0 0 0 0 0 0 0 0 0 0 0; 3 3 2 1 0 0 0 0 0 0 0 0 0 0 0 0 0 0 0 0; 3 2 2 0 1 0 0 0 0 0 0 0 0 0 0 0 0 0 0 0; 2 1 1 2 0 0 0 0 0 0 0 0 0 0 0 0 0 0 0 0; 2 3 3 1 1 1 0 0 0 0 0 0 0 0 0 0 0 0 0 0; 2 3 3 1 1 1 0 0 0 0 0 0 0 0 0 0 0 0 0 0; 2 2 2 2 1 1 1 0 0 0 0 0 0 0 0 0 0 0 0 0; 0 0 0 2 2 0 0 0 0 0 0 0 0 0 0 0 0 0 0 0; 0 0 0 2 2 0 1 1 1 1 0 0 0 0 0 0 0 0 0 0; 0 0 0 2 1 0 1 1 1 1 1 0 0 0 0 0 0 0 0 0; 0 0 0 2 2 0 2 2 1 1 0 0 0 0 0 0 0 0 0 0; 0 0 1 2 2 2 2 2 0 0 0 0 0 0 0 0 0 0 0 0; 0 0 0 2 1 1 1 2 0 0 0 0 0 0 0 0 0 0 0 0; 0 0 0 1 1 1 1 1 0 0 0 0 0 0 0 0 0 0 0 0], Int8[1 1 1 1 0 0 0 0 0 0 0 0 0 1 2 2 1 1 1 0; 2 2 2 0 0 0 0 0 0 0 0 0 0 1 2 2 1 1 1 0; 2 2 2 0 0 0 0 0 0 0 0 0 0 1 2 2 2 1 0 0; 2 1 1 0 0 0 0 0 0 0 0 0 0 0 0 0 2 2 0 0; 2 2 2 0 0 0 0 0 0 0 0 0 0 0 0 0 2 2 0 0; 2 2 3 0 0 0 0 0 0 0 0 0 0 2 2 2 2 1 0 0; 2 2 2 0 0 0 0 0 0 0 0 0 0 1 2 2 2 1 0 0; 2 2 2 1 1 0 0 0 0 0 0 0 0 1 2 2 2 2 1 0; 2 2 2 1 1 0 0 0 0 0 0 0 0 2 2 2 3 0 0 0; 2 1 2 2 0 0 0 0 0 1 0 0 0 2 2 2 1 0 0 0; 1 2 2 2 2 2 2 3 2 1 2 3 2 2 2 0 0 0 0 0; 0 0 2 1 2 2 2 2 2 1 2 2 2 2 2 0 0 0 0 0; 0 0 1 2 2 2 2 2 2 2 2 2 2 2 2 0 0 0 0 0; 0 0 0 0 1 0 0 0 0 0 0 0 0 1 2 0 0 0 0 0; 0 0 0 0 0 0 0 0 0 0 0 0 0 0 1 0 0 0 0 0; 0 0 0 0 0 0 0 0 0 0 0 0 0 0 0 0 0 0 0 0; 0 0 0 0 0 0 0 0 0 0 0 0 0 0 0 0 0 0 0 0; 0 0 0 0 0 0 0 0 0 0 0 0 0 0 0 0 0 0 0 0; 0 0 0 0 0 0 0 0 0 0 0 0 0 0 0 0 0 0 0 0; 0 0 0 0 0 0 0 0 0 0 0 0 0 0 0 0 0 0 0 0]]";[0.0, 9.0, 15.0];[0.0, 5.0, 10.0];[9.0, 0.0, 24.0];[5.0, 0.0, 14.317821063276353];[15.0, 24.0, 0.0];[10.0, 14.317821063276353, 0.0]
13;0.6214833759590793;"MMatrix[Int8[1 2 3 2 2 0 0 0 0 0 0 0 0 0 0 0 0 0 0 0; 2 4 4 3 2 0 0 0 0 0 0 0 0 0 0 0 0 0 0 0; 3 3 4 3 2 0 0 0 0 0 0 0 0 0 0 0 0 0 0 0; 3 2 2 0 0 0 0 0 0 0 0 0 0 0 0 0 0 0 0 0; 2 2 3 0 0 0 0 0 0 0 0 0 0 0 0 0 0 0 0 0; 2 3 3 0 0 0 0 0 0 0 0 0 0 0 0 0 0 0 0 0; 2 2 5 0 0 0 0 0 0 0 0 0 0 0 0 0 0 0 0 0; 3 5 5 5 3 0 0 0 0 0 0 0 0 0 0 0 0 0 0 0; 3 3 6 5 4 0 0 0 0 0 0 0 0 0 0 0 0 0 0 0; 2 2 6 6 0 0 0 0 0 1 0 0 0 0 0 0 0 0 0 0; 2 3 5 3 3 2 2 2 2 2 2 1 0 0 0 0 0 0 0 0; 2 2 3 3 2 2 2 2 2 2 1 1 0 0 0 0 0 0 0 0; 1 1 2 1 1 2 3 2 2 1 1 1 1 0 0 0 0 0 0 0; 0 0 0 1 1 0 0 0 0 0 0 0 0 0 0 0 0 0 0 0; 0 0 0 0 1 0 0 0 0 0 0 0 0 0 0 0 0 0 0 0; 0 0 0 0 0 0 0 0 0 0 0 0 0 0 0 0 0 0 0 0; 0 0 0 0 0 0 0 0 0 0 0 0 0 0 0 0 0 0 0 0; 0 0 0 0 0 0 0 0 0 0 0 0 0 0 0 0 0 0 0 0; 0 0 0 0 0 0 0 0 0 0 0 0 0 0 0 0 0 0 0 0; 0 0 0 0 0 0 0 0 0 0 0 0 0 0 0 0 0 0 0 0], Int8[1 3 3 2 1 0 0 0 0 0 0 0 0 0 0 0 0 0 0 0; 4 4 5 4 2 0 0 0 0 0 0 0 0 0 0 0 0 0 0 0; 4 5 5 4 2 0 0 0 0 0 0 0 0 0 0 0 0 0 0 0; 3 1 2 0 0 0 0 0 0 0 0 0 0 0 0 0 0 0 0 0; 3 3 3 0 0 0 0 0 0 0 0 0 0 0 0 0 0 0 0 0; 2 3 3 0 0 0 0 0 0 0 0 0 0 0 0 0 0 0 0 0; 2 2 2 0 0 0 0 0 0 0 0 0 0 0 0 0 0 0 0 0; 3 3 2 1 0 0 0 0 0 0 0 0 0 0 0 0 0 0 0 0; 3 2 2 0 1 0 0 0 0 0 0 0 0 0 0 0 0 0 0 0; 2 1 1 2 0 0 0 0 0 0 0 0 0 0 0 0 0 0 0 0; 2 3 3 1 1 1 0 0 0 0 0 0 0 0 0 0 0 0 0 0; 2 3 3 1 1 1 0 0 0 0 0 0 0 0 0 0 0 0 0 0; 2 2 2 2 1 1 1 0 0 0 0 0 0 0 0 0 0 0 0 0; 0 0 0 2 2 0 0 0 0 0 0 0 0 0 0 0 0 0 0 0; 0 0 0 2 2 0 1 1 2 2 1 1 0 0 0 0 0 0 0 0; 0 0 0 2 1 0 1 2 2 2 1 1 0 0 0 0 0 0 0 0; 0 0 0 2 2 0 2 2 2 2 1 1 0 0 0 0 0 0 0 0; 0 0 1 2 2 2 2 2 0 0 1 1 0 0 0 0 0 0 0 0; 0 0 0 2 1 1 1 2 0 0 1 0 0 0 0 0 0 0 0 0; 0 0 0 1 1 1 1 1 0 0 0 0 0 0 0 0 0 0 0 0], Int8[1 1 1 1 0 0 0 0 0 0 0 0 0 1 3 3 2 1 1 0; 2 2 2 0 0 0 0 0 0 0 0 0 0 2 3 3 1 1 1 0; 2 2 2 0 0 0 0 0 0 0 0 0 0 2 3 3 2 1 0 0; 2 1 1 0 0 0 0 0 0 0 0 0 0 0 0 0 2 2 0 0; 2 2 2 0 0 0 0 0 0 0 0 0 0 0 0 0 2 2 0 0; 2 2 3 0 0 0 0 0 0 0 0 0 0 2 2 2 2 1 0 0; 2 2 2 0 0 0 0 0 0 0 0 0 0 1 2 2 2 1 0 0; 2 2 2 1 1 0 0 0 0 0 0 0 0 1 2 2 2 2 1 0; 2 2 2 1 1 0 0 0 0 0 0 0 0 2 2 2 3 0 0 0; 2 1 2 2 0 0 0 0 0 1 0 0 0 2 2 2 1 0 0 0; 1 2 2 2 2 2 2 3 2 1 2 3 2 2 2 0 0 0 0 0; 0 0 2 1 2 2 2 2 2 1 2 2 2 2 2 0 0 0 0 0; 0 0 1 2 2 2 2 2 2 2 2 2 2 2 2 0 0 0 0 0; 0 0 0 0 1 0 0 0 0 0 0 0 0 1 2 0 0 0 0 0; 0 0 0 0 0 0 0 0 0 0 0 0 0 0 1 0 0 0 0 0; 0 0 0 0 0 0 0 0 0 0 0 0 0 0 0 0 0 0 0 0; 0 0 0 0 0 0 0 0 0 0 0 0 0 0 0 0 0 0 0 0; 0 0 0 0 0 0 0 0 0 0 0 0 0 0 0 0 0 0 0 0; 0 0 0 0 0 0 0 0 0 0 0 0 0 0 0 0 0 0 0 0; 0 0 0 0 0 0 0 0 0 0 0 0 0 0 0 0 0 0 0 0]]";[0.0, 14.0, 13.0];[0.0, 3.1622776601683795, 12.649110640673518];[14.0, 0.0, 27.0];[3.1622776601683795, 0.0, 15.297058540778355];[13.0, 27.0, 0.0];[12.649110640673518, 15.297058540778355, 0.0]
14;0.6726342710997443;"MMatrix[Int8[1 2 3 2 2 0 0 0 0 0 0 0 0 0 0 0 0 0 0 0; 2 4 4 3 2 0 0 0 0 0 0 0 0 0 0 0 0 0 0 0; 3 3 4 3 2 0 0 0 0 0 0 0 0 0 0 0 0 0 0 0; 3 2 2 0 0 0 0 0 0 0 0 0 0 0 0 0 0 0 0 0; 2 2 3 0 0 0 0 0 0 0 0 0 0 0 0 0 0 0 0 0; 2 3 3 0 0 0 0 0 0 0 0 0 0 0 0 0 0 0 0 0; 2 2 5 0 0 0 0 0 0 0 0 0 0 0 0 0 0 0 0 0; 3 5 5 5 3 0 0 1 1 1 1 1 0 0 0 0 0 0 0 0; 3 3 6 5 4 0 0 0 1 1 1 1 0 0 0 0 0 0 0 0; 2 2 6 6 0 0 0 0 0 1 1 1 0 0 0 0 0 0 0 0; 2 3 5 3 3 2 2 2 3 3 3 2 0 0 0 0 0 0 0 0; 2 2 3 3 2 2 2 3 3 3 2 2 0 0 0 0 0 0 0 0; 1 1 2 1 1 2 3 2 2 2 1 1 1 0 0 0 0 0 0 0; 0 0 0 1 1 0 0 0 0 0 0 0 0 0 0 0 0 0 0 0; 0 0 0 0 1 0 0 0 0 0 0 0 0 0 0 0 0 0 0 0; 0 0 0 0 0 0 0 0 0 0 0 0 0 0 0 0 0 0 0 0; 0 0 0 0 0 0 0 0 0 0 0 0 0 0 0 0 0 0 0 0; 0 0 0 0 0 0 0 0 0 0 0 0 0 0 0 0 0 0 0 0; 0 0 0 0 0 0 0 0 0 0 0 0 0 0 0 0 0 0 0 0; 0 0 0 0 0 0 0 0 0 0 0 0 0 0 0 0 0 0 0 0], Int8[1 3 3 2 1 0 0 0 0 0 0 0 0 0 0 0 0 0 0 0; 4 4 5 4 2 0 0 0 0 0 0 0 0 0 0 0 0 0 0 0; 4 5 5 4 2 0 0 0 0 0 0 0 0 0 0 0 0 0 0 0; 3 1 2 0 0 0 0 0 0 0 0 0 0 0 0 0 0 0 0 0; 3 3 3 0 0 0 0 0 0 0 0 0 0 0 0 0 0 0 0 0; 2 3 3 0 0 0 0 0 0 0 0 0 0 0 0 0 0 0 0 0; 2 2 2 0 0 0 0 0 0 0 0 0 0 0 0 0 0 0 0 0; 3 3 2 1 0 0 0 0 0 0 0 0 0 0 0 0 0 0 0 0; 3 2 2 0 1 0 0 0 0 0 0 0 0 0 0 0 0 0 0 0; 2 1 1 2 0 0 0 0 0 0 0 0 0 0 0 0 0 0 0 0; 2 3 3 1 1 1 0 0 0 0 0 0 0 0 0 0 0 0 0 0; 2 3 3 1 1 1 0 0 0 0 0 0 0 0 0 0 0 0 0 0; 2 2 2 2 1 1 1 0 0 0 0 0 0 0 0 0 0 0 0 0; 0 0 0 2 2 0 0 0 0 0 0 0 0 0 0 0 0 0 0 0; 0 0 0 2 2 0 1 1 2 2 1 1 0 0 0 0 0 0 0 0; 0 0 0 2 1 0 1 2 2 2 2 1 0 0 0 0 0 0 0 0; 0 0 0 2 2 0 2 2 2 2 2 2 0 0 0 0 0 0 0 0; 0 0 1 2 2 2 2 2 0 0 2 2 0 0 0 0 0 0 0 0; 0 0 0 2 1 1 1 2 0 0 1 1 0 0 0 0 0 0 0 0; 0 0 0 1 1 1 1 1 0 0 1 1 0 0 0 0 0 0 0 0], Int8[1 1 1 1 0 0 0 0 0 0 0 0 0 2 4 4 2 2 2 1; 2 2 2 0 0 0 0 0 0 0 0 0 0 2 4 4 2 2 2 0; 2 2 2 0 0 0 0 0 0 0 0 0 0 2 4 4 3 2 0 0; 2 1 1 0 0 0 0 0 0 0 0 0 0 0 0 0 3 2 0 0; 2 2 2 0 0 0 0 0 0 0 0 0 0 0 0 0 2 2 0 0; 2 2 3 0 0 0 0 0 0 0 0 0 0 2 2 2 2 1 0 0; 2 2 2 0 0 0 0 0 0 0 0 0 0 1 2 2 2 1 0 0; 2 2 2 1 1 0 0 0 0 0 0 0 0 1 2 2 2 2 1 0; 2 2 2 1 1 0 0 0 0 0 0 0 0 2 2 2 3 0 0 0; 2 1 2 2 0 0 0 0 0 1 0 0 0 2 2 2 1 0 0 0; 1 2 2 2 2 2 2 3 2 1 2 3 2 2 2 0 0 0 0 0; 0 0 2 1 2 2 2 2 2 1 2 2 2 2 2 0 0 0 0 0; 0 0 1 2 2 2 2 2 2 2 2 2 2 2 2 0 0 0 0 0; 0 0 0 0 1 0 0 0 0 0 0 0 0 1 2 0 0 0 0 0; 0 0 0 0 0 0 0 0 0 0 0 0 0 0 1 0 0 0 0 0; 0 0 0 0 0 0 0 0 0 0 0 0 0 0 0 0 0 0 0 0; 0 0 0 0 0 0 0 0 0 0 0 0 0 0 0 0 0 0 0 0; 0 0 0 0 0 0 0 0 0 0 0 0 0 0 0 0 0 0 0 0; 0 0 0 0 0 0 0 0 0 0 0 0 0 0 0 0 0 0 0 0; 0 0 0 0 0 0 0 0 0 0 0 0 0 0 0 0 0 0 0 0]]";[0.0, 15.0, 13.0];[0.0, 9.055385138137417, 11.40175425099138];[15.0, 0.0, 28.0];[9.055385138137417, 0.0, 18.973665961010276];[13.0, 28.0, 0.0];[11.40175425099138, 18.973665961010276, 0.0]
15;0.690537084398977;"MMatrix[Int8[1 2 3 2 2 0 0 0 0 0 0 0 0 0 0 0 0 0 0 0; 2 4 4 3 2 0 0 0 0 0 0 0 0 0 0 0 0 0 0 0; 3 3 4 3 2 0 0 0 0 0 0 0 0 0 0 0 0 0 0 0; 3 2 2 0 0 0 0 0 0 0 0 0 0 0 0 0 0 0 0 0; 2 2 3 0 0 0 0 0 0 0 0 0 0 0 0 0 0 0 0 0; 2 3 3 0 0 0 0 0 0 0 0 1 0 0 0 0 0 0 0 0; 2 2 5 0 0 0 0 0 0 0 1 1 0 0 0 0 0 0 0 0; 3 5 5 5 3 0 1 2 2 1 2 2 0 0 0 0 0 0 0 0; 3 3 6 5 4 0 0 1 2 2 2 2 0 0 0 0 0 0 0 0; 2 2 6 6 0 0 0 0 0 2 2 2 0 0 0 0 0 0 0 0; 2 3 5 3 3 2 2 2 3 4 3 2 0 0 0 0 0 0 0 0; 2 2 3 3 2 2 2 3 3 3 2 2 0 0 0 0 0 0 0 0; 1 1 2 1 1 2 3 2 2 2 1 1 1 0 0 0 0 0 0 0; 0 0 0 1 1 0 0 0 0 0 0 0 0 0 0 0 0 0 0 0; 0 0 0 0 1 0 0 0 0 0 0 0 0 0 0 0 0 0 0 0; 0 0 0 0 0 0 0 0 0 0 0 0 0 0 0 0 0 0 0 0; 0 0 0 0 0 0 0 0 0 0 0 0 0 0 0 0 0 0 0 0; 0 0 0 0 0 0 0 0 0 0 0 0 0 0 0 0 0 0 0 0; 0 0 0 0 0 0 0 0 0 0 0 0 0 0 0 0 0 0 0 0; 0 0 0 0 0 0 0 0 0 0 0 0 0 0 0 0 0 0 0 0], Int8[1 3 3 2 1 0 0 0 0 0 0 0 0 0 0 0 0 0 0 0; 4 4 5 4 2 0 0 0 0 0 0 0 0 0 0 0 0 0 0 0; 4 5 5 4 2 0 0 0 0 0 0 0 0 0 0 0 0 0 0 0; 3 1 2 0 0 0 0 0 0 0 0 0 0 0 0 0 0 0 0 0; 3 3 3 0 0 0 0 0 0 0 0 0 0 0 0 0 0 0 0 0; 2 3 3 0 0 0 0 0 0 0 0 0 0 0 0 0 0 0 0 0; 2 2 2 0 0 0 0 0 0 0 0 0 0 0 0 0 0 0 0 0; 3 3 2 1 0 0 0 0 0 0 0 0 0 0 0 0 0 0 0 0; 3 2 2 0 1 0 0 0 0 0 0 0 0 0 0 0 0 0 0 0; 2 1 1 2 0 0 0 0 0 0 0 0 0 0 0 0 0 0 0 0; 2 3 3 1 1 1 0 0 0 0 0 0 0 0 0 0 0 0 0 0; 2 3 3 1 1 1 0 0 0 0 0 0 0 0 0 0 0 0 0 0; 2 2 2 2 1 1 1 0 0 0 0 0 0 0 0 0 0 0 0 0; 0 0 0 2 2 0 0 0 0 0 0 0 0 0 0 0 0 0 0 0; 0 0 0 2 2 0 1 1 2 2 1 2 0 0 0 0 0 0 0 0; 0 0 0 2 1 0 1 2 2 3 3 2 0 0 0 0 0 0 0 0; 0 0 0 2 2 0 2 2 2 3 3 3 0 0 0 0 0 0 0 0; 0 0 1 2 2 2 2 2 0 0 3 2 0 0 0 0 0 0 0 0; 0 0 0 2 1 1 1 2 0 0 2 2 0 0 0 0 0 0 0 0; 0 0 0 1 1 1 1 1 0 0 2 2 0 0 0 0 0 0 0 0], Int8[1 1 1 1 0 0 0 0 0 0 0 0 0 2 4 5 3 3 3 2; 2 2 2 0 0 0 0 0 0 0 0 0 0 2 5 5 3 2 3 1; 2 2 2 0 0 0 0 0 0 0 0 0 0 2 4 5 4 3 0 0; 2 1 1 0 0 0 0 0 0 0 0 0 0 0 0 0 4 3 0 0; 2 2 2 0 0 0 0 0 0 0 0 0 0 0 0 0 2 3 0 0; 2 2 3 0 0 0 0 0 0 0 0 0 0 2 2 2 2 1 0 0; 2 2 2 0 0 0 0 0 0 0 0 0 0 1 2 2 2 1 0 0; 2 2 2 1 1 0 0 0 0 0 0 0 0 1 2 2 2 2 1 0; 2 2 2 1 1 0 0 0 0 0 0 0 0 2 2 2 3 0 0 0; 2 1 2 2 0 0 0 0 0 1 0 0 0 2 2 2 1 0 0 0; 1 2 2 2 2 2 2 3 2 1 2 3 2 2 2 0 0 0 0 0; 0 0 2 1 2 2 2 2 2 1 2 2 2 2 2 0 0 0 0 0; 0 0 1 2 2 2 2 2 2 2 2 2 2 2 2 0 0 0 0 0; 0 0 0 0 1 0 0 0 0 0 0 0 0 1 2 0 0 0 0 0; 0 0 0 0 0 0 0 0 0 0 0 0 0 0 1 0 0 0 0 0; 0 0 0 0 0 0 0 0 0 0 0 0 0 0 0 0 0 0 0 0; 0 0 0 0 0 0 0 0 0 0 0 0 0 0 0 0 0 0 0 0; 0 0 0 0 0 0 0 0 0 0 0 0 0 0 0 0 0 0 0 0; 0 0 0 0 0 0 0 0 0 0 0 0 0 0 0 0 0 0 0 0; 0 0 0 0 0 0 0 0 0 0 0 0 0 0 0 0 0 0 0 0]]";[0.0, 17.0, 12.0];[0.0, 10.198039027185569, 10.0];[17.0, 0.0, 27.0];[10.198039027185569, 0.0, 17.08800749063506];[12.0, 27.0, 0.0];[10.0, 17.08800749063506, 0.0]
16;0.7084398976982097;"MMatrix[Int8[1 2 3 2 2 0 0 0 0 0 0 0 0 0 0 0 0 0 0 0; 2 4 4 3 2 0 0 0 0 0 0 0 0 0 0 0 0 0 0 0; 3 3 4 3 2 0 0 0 0 0 0 0 0 0 0 0 0 0 0 0; 3 2 2 0 0 0 0 0 0 0 0 0 0 0 0 0 0 0 0 0; 2 2 3 0 0 0 1 0 0 0 0 0 0 0 0 0 0 0 0 0; 2 3 3 0 0 0 1 1 0 0 0 1 0 0 0 0 0 0 0 0; 2 2 5 0 0 0 1 1 0 0 1 1 0 0 0 0 0 0 0 0; 3 5 5 5 3 0 1 3 3 2 2 2 0 0 0 0 0 0 0 0; 3 3 6 5 4 0 1 2 3 2 2 2 0 0 0 0 0 0 0 0; 2 2 6 6 0 0 0 0 0 2 2 2 0 0 0 0 0 0 0 0; 2 3 5 3 3 2 2 2 3 4 3 2 0 0 0 0 0 0 0 0; 2 2 3 3 2 2 2 3 3 3 2 2 0 0 0 0 0 0 0 0; 1 1 2 1 1 2 3 2 2 2 1 1 1 0 0 0 0 0 0 0; 0 0 0 1 1 0 0 0 0 0 0 0 0 0 0 0 0 0 0 0; 0 0 0 0 1 0 0 0 0 0 0 0 0 0 0 0 0 0 0 0; 0 0 0 0 0 0 0 0 0 0 0 0 0 0 0 0 0 0 0 0; 0 0 0 0 0 0 0 0 0 0 0 0 0 0 0 0 0 0 0 0; 0 0 0 0 0 0 0 0 0 0 0 0 0 0 0 0 0 0 0 0; 0 0 0 0 0 0 0 0 0 0 0 0 0 0 0 0 0 0 0 0; 0 0 0 0 0 0 0 0 0 0 0 0 0 0 0 0 0 0 0 0], Int8[1 3 3 2 1 0 0 0 0 0 0 0 0 0 0 0 0 0 0 0; 4 4 5 4 2 0 0 0 0 0 0 0 0 0 0 0 0 0 0 0; 4 5 5 4 2 0 0 0 0 0 0 0 0 0 0 0 0 0 0 0; 3 1 2 0 0 0 0 0 0 0 0 0 0 0 0 0 0 0 0 0; 3 3 3 0 0 0 0 0 0 0 0 0 0 0 0 0 0 0 0 0; 2 3 3 0 0 0 0 0 0 0 0 0 0 0 0 0 0 0 0 0; 2 2 2 0 0 0 0 0 0 0 0 0 0 0 0 0 0 0 0 0; 3 3 2 1 0 0 0 0 0 0 0 0 0 0 0 0 0 0 0 0; 3 2 2 0 1 0 0 0 0 0 0 0 0 0 0 0 0 0 0 0; 2 1 1 2 0 0 0 0 0 0 0 0 0 0 0 0 0 0 0 0; 2 3 3 1 1 1 0 0 0 0 0 0 0 0 0 0 0 0 0 0; 2 3 3 1 1 1 0 0 0 0 0 0 0 0 0 0 0 0 0 0; 2 2 2 2 1 1 1 0 0 0 0 0 0 0 0 0 0 0 0 0; 0 0 0 2 2 0 0 0 0 0 0 0 0 0 0 0 0 0 0 0; 0 0 0 2 2 0 1 1 2 2 1 2 0 0 0 0 0 0 0 0; 0 0 0 2 1 0 1 2 2 3 4 2 0 0 0 0 0 0 0 0; 0 0 0 2 2 0 2 2 2 3 4 4 0 0 0 0 0 0 0 0; 0 0 1 2 2 2 2 2 0 0 4 3 0 0 0 0 0 0 0 0; 0 0 0 2 1 1 1 2 0 0 2 3 0 0 0 0 0 0 0 0; 0 0 0 1 1 1 1 1 0 0 3 3 0 0 0 0 0 0 0 0], Int8[1 1 1 1 0 0 0 0 0 0 0 0 0 2 4 5 3 3 3 2; 2 2 2 0 0 0 0 0 0 0 0 0 0 2 5 5 3 3 3 1; 2 2 2 0 0 0 0 0 0 0 0 0 0 2 4 6 5 4 0 0; 2 1 1 0 0 0 0 0 0 0 0 0 0 0 0 0 5 4 0 0; 2 2 2 0 0 0 0 0 0 0 0 0 0 0 0 0 3 3 0 0; 2 2 3 0 0 0 0 0 0 0 0 0 0 2 2 3 3 2 0 0; 2 2 2 0 0 0 0 0 0 0 0 0 0 1 2 3 3 2 0 0; 2 2 2 1 1 0 0 0 0 0 0 0 0 1 2 2 2 3 1 0; 2 2 2 1 1 0 0 0 0 0 0 0 0 2 2 2 3 0 0 0; 2 1 2 2 0 0 0 0 0 1 0 0 0 2 2 2 1 0 0 0; 1 2 2 2 2 2 2 3 2 1 2 3 2 2 2 0 0 0 0 0; 0 0 2 1 2 2 2 2 2 1 2 2 2 2 2 0 0 0 0 0; 0 0 1 2 2 2 2 2 2 2 2 2 2 2 2 0 0 0 0 0; 0 0 0 0 1 0 0 0 0 0 0 0 0 1 2 0 0 0 0 0; 0 0 0 0 0 0 0 0 0 0 0 0 0 0 1 0 0 0 0 0; 0 0 0 0 0 0 0 0 0 0 0 0 0 0 0 0 0 0 0 0; 0 0 0 0 0 0 0 0 0 0 0 0 0 0 0 0 0 0 0 0; 0 0 0 0 0 0 0 0 0 0 0 0 0 0 0 0 0 0 0 0; 0 0 0 0 0 0 0 0 0 0 0 0 0 0 0 0 0 0 0 0; 0 0 0 0 0 0 0 0 0 0 0 0 0 0 0 0 0 0 0 0]]";[0.0, 18.0, 12.0];[0.0, 11.704699910719626, 11.40175425099138];[18.0, 0.0, 24.0];[11.704699910719626, 0.0, 15.652475842498529];[12.0, 24.0, 0.0];[11.40175425099138, 15.652475842498529, 0.0]
17;0.7570332480818415;"MMatrix[Int8[1 2 3 2 2 0 0 0 0 0 0 0 0 0 0 0 0 0 0 0; 2 4 4 3 2 0 1 0 0 0 0 0 0 0 0 0 0 0 0 0; 3 3 4 3 2 0 1 1 1 0 0 0 0 0 0 0 0 0 0 0; 3 2 2 0 0 0 1 1 1 0 0 0 0 0 0 0 0 0 0 0; 2 2 3 0 0 0 1 1 0 0 0 0 0 0 0 0 0 0 0 0; 2 3 3 0 0 0 2 2 0 0 0 1 0 0 0 0 0 0 0 0; 2 2 5 0 0 0 2 2 0 0 1 1 0 0 0 0 0 0 0 0; 3 5 5 5 3 0 2 3 3 2 2 2 0 0 0 0 0 0 0 0; 3 3 6 5 4 0 1 2 3 2 2 2 0 0 0 0 0 0 0 0; 2 2 6 6 0 0 0 0 0 2 2 2 0 0 0 0 0 0 0 0; 2 3 5 3 3 2 2 2 3 4 3 2 0 0 0 0 0 0 0 0; 2 2 3 3 2 2 2 3 3 3 2 2 0 0 0 0 0 0 0 0; 1 1 2 1 1 2 3 2 2 2 1 1 1 0 0 0 0 0 0 0; 0 0 0 1 1 0 0 0 0 0 0 0 0 0 0 0 0 0 0 0; 0 0 0 0 1 0 0 0 0 0 0 0 0 0 0 0 0 0 0 0; 0 0 0 0 0 0 0 0 0 0 0 0 0 0 0 0 0 0 0 0; 0 0 0 0 0 0 0 0 0 0 0 0 0 0 0 0 0 0 0 0; 0 0 0 0 0 0 0 0 0 0 0 0 0 0 0 0 0 0 0 0; 0 0 0 0 0 0 0 0 0 0 0 0 0 0 0 0 0 0 0 0; 0 0 0 0 0 0 0 0 0 0 0 0 0 0 0 0 0 0 0 0], Int8[1 3 3 2 1 0 0 0 0 0 0 0 0 0 0 0 0 0 0 0; 4 4 5 4 2 0 0 0 0 0 0 0 0 0 0 0 0 0 0 0; 4 5 5 4 2 0 0 0 0 0 0 0 0 0 0 0 0 0 0 0; 3 1 2 0 0 0 0 0 0 0 0 0 0 0 0 0 0 0 0 0; 3 3 3 0 0 0 0 0 0 0 0 0 0 0 0 0 0 0 0 0; 2 3 3 0 0 0 0 0 0 0 0 0 0 0 0 0 0 0 0 0; 2 2 2 0 0 0 0 0 0 0 0 0 0 0 0 0 0 0 0 0; 3 3 2 1 0 0 0 0 0 0 0 0 0 0 0 0 0 0 0 0; 3 2 2 0 1 0 0 0 0 0 0 0 0 0 0 0 0 0 0 0; 2 1 1 2 0 0 0 0 0 0 0 0 0 0 0 0 0 0 0 0; 2 3 3 1 1 1 0 0 0 0 0 0 0 0 0 0 0 0 0 0; 2 3 3 1 1 1 0 0 0 0 0 0 0 0 0 0 0 0 0 0; 2 2 2 2 1 1 1 0 0 0 0 0 0 0 0 0 0 0 0 0; 0 0 0 2 2 0 0 0 0 0 0 0 0 0 0 0 0 0 0 0; 0 0 0 2 2 0 1 1 3 3 2 3 0 0 0 0 0 0 0 0; 0 0 0 2 1 0 1 3 3 4 4 3 0 0 0 0 0 0 0 0; 0 0 0 2 2 0 2 2 3 4 5 5 0 0 0 0 0 0 0 0; 0 0 1 2 2 2 2 2 0 0 5 4 0 0 0 0 0 0 0 0; 0 0 0 2 1 1 1 2 0 0 3 3 0 0 0 0 0 0 0 0; 0 0 0 1 1 1 1 1 0 0 3 3 0 0 0 0 0 0 0 0], Int8[1 1 1 1 0 0 0 0 0 0 0 0 0 2 4 5 3 3 3 2; 2 2 2 0 0 0 0 0 0 0 0 0 0 2 5 5 3 3 3 1; 2 2 2 0 0 0 0 0 0 0 0 0 0 2 4 6 5 4 0 0; 2 1 1 0 0 0 0 0 0 0 0 0 0 0 0 0 5 4 0 0; 2 2 2 0 0 0 0 0 0 0 0 0 0 0 0 0 3 4 0 0; 2 2 3 0 0 0 0 0 0 0 0 0 0 2 2 4 4 3 0 0; 2 2 2 0 0 0 0 0 0 0 0 0 0 1 2 4 4 3 0 0; 2 2 2 1 1 0 0 0 0 0 0 0 0 1 3 3 3 3 2 1; 2 2 2 1 1 0 0 0 0 0 0 0 0 2 2 3 4 1 1 1; 2 1 2 2 0 0 0 0 0 1 0 0 0 2 2 3 2 1 1 1; 1 2 2 2 2 2 2 3 2 1 2 3 2 2 2 0 0 1 0 0; 0 0 2 1 2 2 2 2 2 1 2 2 2 2 2 0 0 0 0 0; 0 0 1 2 2 2 2 2 2 2 2 2 2 2 2 0 0 0 0 0; 0 0 0 0 1 0 0 0 0 0 0 0 0 1 2 0 0 0 0 0; 0 0 0 0 0 0 0 0 0 0 0 0 0 0 1 0 0 0 0 0; 0 0 0 0 0 0 0 0 0 0 0 0 0 0 0 0 0 0 0 0; 0 0 0 0 0 0 0 0 0 0 0 0 0 0 0 0 0 0 0 0; 0 0 0 0 0 0 0 0 0 0 0 0 0 0 0 0 0 0 0 0; 0 0 0 0 0 0 0 0 0 0 0 0 0 0 0 0 0 0 0 0; 0 0 0 0 0 0 0 0 0 0 0 0 0 0 0 0 0 0 0 0]]";[0.0, 19.0, 12.0];[0.0, 11.704699910719626, 11.40175425099138];[19.0, 0.0, 22.0];[11.704699910719626, 0.0, 10.63014581273465];[12.0, 22.0, 0.0];[11.40175425099138, 10.63014581273465, 0.0]
18;0.8107416879795396;"MMatrix[Int8[1 2 3 2 2 0 0 0 0 0 0 0 0 0 0 0 0 0 0 0; 2 4 4 3 2 0 1 0 0 0 0 0 0 0 0 0 0 0 0 0; 3 3 4 3 2 0 2 2 1 1 1 1 0 0 0 0 0 0 0 0; 3 2 2 0 0 0 2 2 2 1 1 0 0 0 0 0 0 0 0 0; 2 2 3 0 0 0 2 2 0 0 1 0 0 0 0 0 0 0 0 0; 2 3 3 0 0 0 2 2 0 0 0 1 0 0 0 0 0 0 0 0; 2 2 5 0 0 0 2 2 0 0 1 1 0 0 0 0 0 0 0 0; 3 5 5 5 3 0 2 3 3 2 2 2 0 0 0 0 0 0 0 0; 3 3 6 5 4 0 1 2 3 2 2 2 0 0 0 0 0 0 0 0; 2 2 6 6 0 0 0 0 0 2 2 2 0 0 0 0 0 0 0 0; 2 3 5 3 3 2 2 2 3 4 3 2 0 0 0 0 0 0 0 0; 2 2 3 3 2 2 2 3 3 3 2 2 0 0 0 0 0 0 0 0; 1 1 2 1 1 2 3 2 2 2 1 1 1 0 0 0 0 0 0 0; 0 0 0 1 1 0 0 0 0 0 0 0 0 0 0 0 0 0 0 0; 0 0 0 0 1 0 0 0 0 0 0 0 0 0 0 0 0 0 0 0; 0 0 0 0 0 0 0 0 0 0 0 0 0 0 0 0 0 0 0 0; 0 0 0 0 0 0 0 0 0 0 0 0 0 0 0 0 0 0 0 0; 0 0 0 0 0 0 0 0 0 0 0 0 0 0 0 0 0 0 0 0; 0 0 0 0 0 0 0 0 0 0 0 0 0 0 0 0 0 0 0 0; 0 0 0 0 0 0 0 0 0 0 0 0 0 0 0 0 0 0 0 0], Int8[1 3 3 2 1 0 0 0 0 0 0 0 0 0 0 0 0 0 0 0; 4 4 5 4 2 0 0 0 0 0 0 0 0 0 0 0 0 0 0 0; 4 5 5 4 2 0 0 0 0 0 0 0 0 0 0 0 0 0 0 0; 3 1 2 0 0 0 0 0 0 0 0 0 0 0 0 0 0 0 0 0; 3 3 3 0 0 0 0 0 0 0 0 0 0 0 0 0 0 0 0 0; 2 3 3 0 0 0 0 0 0 0 0 0 0 0 0 0 0 0 0 0; 2 2 2 0 0 0 0 0 0 0 0 0 0 0 0 0 0 0 0 0; 3 3 2 1 0 0 0 0 0 0 0 0 0 0 0 0 0 0 0 0; 3 2 2 0 1 0 0 0 0 0 0 0 0 0 0 0 0 0 0 0; 2 1 1 2 0 0 0 0 0 0 0 0 0 0 0 0 0 0 0 0; 2 3 3 1 1 1 0 0 0 0 0 0 0 0 0 0 0 0 0 0; 2 3 3 1 1 1 0 0 0 0 0 0 0 0 0 0 0 0 0 0; 2 2 2 2 1 1 1 0 0 0 0 0 0 0 0 0 0 0 0 0; 0 0 0 2 2 0 0 0 0 0 0 0 0 0 0 0 0 0 0 0; 0 0 0 2 2 0 1 1 4 4 3 3 0 0 0 0 0 0 0 0; 0 0 0 2 1 0 1 3 3 5 5 4 0 0 0 0 0 0 0 0; 0 0 0 2 2 0 2 2 3 5 6 6 0 0 0 0 0 0 0 0; 0 0 1 2 2 2 2 2 0 0 5 5 0 0 0 0 0 0 0 0; 0 0 0 2 1 1 1 2 0 0 3 3 0 0 0 0 0 0 0 0; 0 0 0 1 1 1 1 1 0 0 3 3 0 0 0 0 0 0 0 0], Int8[1 1 1 1 0 0 0 0 0 0 0 0 0 2 4 5 3 3 3 2; 2 2 2 0 0 0 0 0 0 0 0 0 0 2 5 5 3 3 3 1; 2 2 2 0 0 0 0 0 0 0 0 0 0 2 4 6 5 4 0 0; 2 1 1 0 0 0 0 0 0 0 0 0 0 0 0 0 5 4 0 0; 2 2 2 0 0 0 0 0 0 0 0 0 0 0 0 0 3 4 0 0; 2 2 3 0 0 0 0 0 0 0 0 0 0 2 2 4 4 3 0 0; 2 2 2 0 0 0 0 0 0 0 0 0 0 1 2 4 4 3 0 0; 2 2 2 1 1 0 0 0 0 0 0 0 0 1 3 3 3 4 2 1; 2 2 2 1 1 0 0 0 0 0 0 0 0 2 2 4 5 2 2 2; 2 1 2 2 0 0 0 0 0 1 0 0 0 2 2 3 3 2 2 2; 1 2 2 2 2 2 2 3 2 1 2 3 2 2 2 0 0 1 1 1; 0 0 2 1 2 2 2 2 2 1 2 2 2 2 2 0 0 1 1 1; 0 0 1 2 2 2 2 2 2 2 2 2 2 2 2 0 0 1 1 1; 0 0 0 0 1 0 0 0 0 0 0 0 0 1 2 0 0 1 0 0; 0 0 0 0 0 0 0 0 0 0 0 0 0 0 1 0 0 0 0 0; 0 0 0 0 0 0 0 0 0 0 0 0 0 0 0 0 0 0 0 0; 0 0 0 0 0 0 0 0 0 0 0 0 0 0 0 0 0 0 0 0; 0 0 0 0 0 0 0 0 0 0 0 0 0 0 0 0 0 0 0 0; 0 0 0 0 0 0 0 0 0 0 0 0 0 0 0 0 0 0 0 0; 0 0 0 0 0 0 0 0 0 0 0 0 0 0 0 0 0 0 0 0]]";[0.0, 22.0, 13.0];[0.0, 12.36931687685298, 12.041594578792296];[22.0, 0.0, 23.0];[12.36931687685298, 0.0, 7.211102550927978];[13.0, 23.0, 0.0];[12.041594578792296, 7.211102550927978, 0.0]
19;0.8567774936061381;"MMatrix[Int8[1 2 3 2 2 0 0 0 0 0 0 0 0 0 0 0 0 0 0 0; 2 4 4 3 2 0 1 0 0 0 0 0 0 0 0 0 0 0 0 0; 3 3 4 3 2 0 2 2 2 2 2 2 0 0 0 0 0 0 0 0; 3 2 2 0 0 0 2 2 2 2 2 1 0 0 0 0 0 0 0 0; 2 2 3 0 0 0 2 2 0 0 1 1 0 0 0 0 0 0 0 0; 2 3 3 0 0 0 2 2 0 0 1 2 0 0 0 0 0 0 0 0; 2 2 5 0 0 0 2 2 0 0 2 2 0 0 0 0 0 0 0 0; 3 5 5 5 3 0 2 3 3 2 3 2 0 0 0 0 0 0 0 0; 3 3 6 5 4 0 1 2 3 2 2 2 0 0 0 0 0 0 0 0; 2 2 6 6 0 0 0 0 0 2 2 2 0 0 0 0 0 0 0 0; 2 3 5 3 3 2 2 2 3 4 3 2 0 0 0 0 0 0 0 0; 2 2 3 3 2 2 2 3 3 3 2 2 0 0 0 0 0 0 0 0; 1 1 2 1 1 2 3 2 2 2 1 1 1 0 0 0 0 0 0 0; 0 0 0 1 1 0 0 0 0 0 0 0 0 0 0 0 0 0 0 0; 0 0 0 0 1 0 0 0 0 0 0 0 0 0 0 0 0 0 0 0; 0 0 0 0 0 0 0 0 0 0 0 0 0 0 0 0 0 0 0 0; 0 0 0 0 0 0 0 0 0 0 0 0 0 0 0 0 0 0 0 0; 0 0 0 0 0 0 0 0 0 0 0 0 0 0 0 0 0 0 0 0; 0 0 0 0 0 0 0 0 0 0 0 0 0 0 0 0 0 0 0 0; 0 0 0 0 0 0 0 0 0 0 0 0 0 0 0 0 0 0 0 0], Int8[1 3 3 2 1 0 0 0 0 0 0 0 0 0 0 0 0 0 0 0; 4 4 5 4 2 0 0 0 0 0 0 0 0 0 0 0 0 0 0 0; 4 5 5 4 2 0 0 0 0 0 0 0 0 0 0 0 0 0 0 0; 3 1 2 0 0 0 0 0 0 0 0 0 0 0 0 0 0 0 0 0; 3 3 3 0 0 0 0 0 0 0 0 0 0 0 0 0 0 0 0 0; 2 3 3 0 0 0 0 0 0 0 0 0 0 0 0 0 0 0 0 0; 2 2 2 0 0 0 0 0 0 0 0 0 0 0 0 0 0 0 0 0; 3 3 2 1 0 0 0 0 0 0 0 0 0 0 0 0 0 0 0 0; 3 2 2 0 1 0 0 0 0 0 0 0 0 0 0 0 0 0 0 0; 2 1 1 2 0 0 0 0 0 0 0 0 0 0 0 0 0 0 0 0; 2 3 3 1 1 1 0 0 0 0 0 0 0 0 0 0 0 0 0 0; 2 3 3 1 1 1 0 0 0 0 0 0 0 0 0 0 0 0 0 0; 2 2 2 2 1 1 1 0 0 0 0 0 0 0 0 0 0 0 0 0; 0 0 0 2 2 0 0 0 0 0 0 0 0 0 0 0 0 0 0 0; 0 0 0 2 2 0 2 2 4 5 4 4 0 0 0 0 0 0 0 0; 0 0 0 2 1 0 2 4 4 6 6 4 0 0 0 0 0 0 0 0; 0 0 0 2 2 0 3 3 4 6 7 6 0 0 0 0 0 0 0 0; 0 0 1 2 2 2 2 2 0 0 5 5 0 0 0 0 0 0 0 0; 0 0 0 2 1 1 1 2 0 0 3 3 0 0 0 0 0 0 0 0; 0 0 0 1 1 1 1 1 0 0 3 3 0 0 0 0 0 0 0 0], Int8[1 1 1 1 0 0 0 0 0 0 0 0 0 2 4 5 3 3 3 2; 2 2 2 0 0 0 0 0 0 0 0 0 0 2 5 5 3 3 3 1; 2 2 2 0 0 0 0 0 0 0 0 0 0 2 4 6 5 4 0 0; 2 1 1 0 0 0 0 0 0 0 0 0 0 0 0 0 5 4 0 0; 2 2 2 0 0 0 0 0 0 0 0 0 0 0 0 0 3 4 0 0; 2 2 3 0 0 0 0 0 0 0 0 0 0 2 2 4 4 3 0 0; 2 2 2 0 0 0 0 0 0 0 0 0 0 1 2 4 4 3 0 0; 2 2 2 1 1 0 0 0 0 0 0 0 0 1 3 3 3 4 2 1; 2 2 2 1 1 0 0 0 0 0 0 0 0 2 2 4 5 2 2 2; 2 1 2 2 0 0 0 0 0 1 0 0 0 2 2 3 3 2 2 2; 1 2 2 2 2 2 2 3 2 1 2 3 2 2 2 0 0 2 1 1; 0 0 2 1 2 2 2 2 2 1 2 2 2 2 2 0 0 2 2 2; 0 0 1 2 2 2 2 2 2 2 2 2 2 2 2 0 0 2 2 2; 0 0 0 0 1 0 0 0 0 0 0 0 0 1 2 0 0 1 1 1; 0 0 0 0 0 0 0 0 0 0 0 0 0 0 1 0 0 1 1 1; 0 0 0 0 0 0 0 0 0 0 0 0 0 0 0 0 0 1 1 1; 0 0 0 0 0 0 0 0 0 0 0 0 0 0 0 0 0 1 0 0; 0 0 0 0 0 0 0 0 0 0 0 0 0 0 0 0 0 0 0 0; 0 0 0 0 0 0 0 0 0 0 0 0 0 0 0 0 0 0 0 0; 0 0 0 0 0 0 0 0 0 0 0 0 0 0 0 0 0 0 0 0]]";[0.0, 17.0, 14.0];[0.0, 10.198039027185569, 11.40175425099138];[17.0, 0.0, 21.0];[10.198039027185569, 0.0, 9.055385138137417];[14.0, 21.0, 0.0];[11.40175425099138, 9.055385138137417, 0.0]
20;0.9053708439897699;"MMatrix[Int8[1 2 3 2 2 0 0 0 0 0 0 0 0 0 0 0 0 0 0 0; 2 4 4 3 2 0 1 0 0 0 0 0 0 0 0 0 0 0 0 0; 3 3 4 3 2 0 2 2 2 2 2 3 0 0 0 0 0 0 0 0; 3 2 2 0 0 0 2 2 2 3 3 2 0 0 0 0 0 0 0 0; 2 2 3 0 0 0 2 2 0 0 2 2 0 0 0 0 0 0 0 0; 2 3 3 0 0 0 2 2 0 0 2 2 0 0 0 0 0 0 0 0; 2 2 5 0 0 0 2 2 0 0 3 3 0 0 0 0 0 0 0 0; 3 5 5 5 3 0 2 3 3 3 4 3 0 0 0 0 0 0 0 0; 3 3 6 5 4 0 1 2 3 2 2 3 0 0 0 0 0 0 0 0; 2 2 6 6 0 0 0 0 0 2 2 2 0 0 0 0 0 0 0 0; 2 3 5 3 3 2 2 2 3 4 3 2 0 0 0 0 0 0 0 0; 2 2 3 3 2 2 2 3 3 3 2 2 0 0 0 0 0 0 0 0; 1 1 2 1 1 2 3 2 2 2 1 1 1 0 0 0 0 0 0 0; 0 0 0 1 1 0 0 0 0 0 0 0 0 0 0 0 0 0 0 0; 0 0 0 0 1 0 0 0 0 0 0 0 0 0 0 0 0 0 0 0; 0 0 0 0 0 0 0 0 0 0 0 0 0 0 0 0 0 0 0 0; 0 0 0 0 0 0 0 0 0 0 0 0 0 0 0 0 0 0 0 0; 0 0 0 0 0 0 0 0 0 0 0 0 0 0 0 0 0 0 0 0; 0 0 0 0 0 0 0 0 0 0 0 0 0 0 0 0 0 0 0 0; 0 0 0 0 0 0 0 0 0 0 0 0 0 0 0 0 0 0 0 0], Int8[1 3 3 2 1 0 0 0 0 0 0 0 0 0 0 0 0 0 0 0; 4 4 5 4 2 0 0 0 0 0 0 0 0 0 0 0 0 0 0 0; 4 5 5 4 2 0 0 0 0 0 0 0 0 0 0 0 0 0 0 0; 3 1 2 0 0 0 0 0 0 0 0 0 0 0 0 0 0 0 0 0; 3 3 3 0 0 0 0 0 0 0 0 0 0 0 0 0 0 0 0 0; 2 3 3 0 0 0 0 0 0 0 0 0 0 0 0 0 0 0 0 0; 2 2 2 0 0 0 0 0 0 0 0 0 0 0 0 0 0 0 0 0; 3 3 2 1 0 0 0 0 0 0 0 0 0 0 0 0 0 0 0 0; 3 2 2 0 1 0 0 0 0 0 0 0 0 0 0 0 0 0 0 0; 2 1 1 2 0 0 0 0 0 0 0 0 0 0 0 0 0 0 0 0; 2 3 3 1 1 1 0 0 0 0 0 0 0 0 0 0 0 0 0 0; 2 3 3 1 1 1 0 0 0 0 0 0 0 0 0 0 0 0 0 0; 2 2 2 2 1 1 1 0 0 0 0 0 0 0 0 0 0 0 0 0; 0 0 0 2 2 0 0 0 0 0 0 0 0 0 0 0 0 0 0 0; 0 0 0 2 2 0 3 3 5 5 4 4 0 0 0 0 0 0 0 0; 0 0 0 2 1 0 3 5 5 6 6 4 0 0 0 0 0 0 0 0; 0 0 0 2 2 0 3 4 5 7 7 6 0 0 0 0 0 0 0 0; 0 0 1 2 2 3 3 3 0 0 5 5 0 0 0 0 0 0 0 0; 0 0 0 2 2 2 2 3 0 0 3 3 0 0 0 0 0 0 0 0; 0 0 0 1 1 1 2 1 0 0 3 3 0 0 0 0 0 0 0 0], Int8[1 1 1 1 0 0 0 0 0 0 0 0 0 2 4 5 3 3 3 2; 2 2 2 0 0 0 0 0 0 0 0 0 0 2 5 5 3 3 3 1; 2 2 2 0 0 0 0 0 0 0 0 0 0 2 4 6 5 4 0 0; 2 1 1 0 0 0 0 0 0 0 0 0 0 0 0 0 5 4 0 0; 2 2 2 0 0 0 0 0 0 0 0 0 0 0 0 0 3 4 0 0; 2 2 3 0 0 0 0 0 0 0 0 0 0 2 2 4 4 3 0 0; 2 2 2 0 0 0 0 0 0 0 0 0 0 1 2 4 4 3 0 0; 2 2 2 1 1 0 0 0 0 0 0 0 0 1 3 3 3 4 2 1; 2 2 2 1 1 0 0 0 0 0 0 0 0 2 2 4 5 2 2 2; 2 1 2 2 0 0 0 0 0 1 0 0 0 2 2 3 3 2 2 2; 1 2 2 2 2 2 2 3 2 1 2 3 2 2 2 0 0 2 1 1; 0 0 2 1 2 2 2 2 2 1 2 2 2 2 2 0 0 2 2 2; 0 0 1 2 2 2 2 2 2 2 2 2 2 2 2 0 0 2 2 2; 0 0 0 0 1 0 0 0 0 0 0 0 0 1 2 0 0 2 1 1; 0 0 0 0 0 0 0 0 0 0 0 0 0 0 1 0 0 2 2 2; 0 0 0 0 0 0 0 0 0 0 0 0 0 0 0 1 1 2 2 2; 0 0 0 0 0 0 0 0 0 0 0 0 0 0 1 1 1 1 1 1; 0 0 0 0 0 0 0 0 0 0 0 0 0 0 0 1 1 1 1 1; 0 0 0 0 0 0 0 0 0 0 0 0 0 0 0 1 1 0 0 0; 0 0 0 0 0 0 0 0 0 0 0 0 0 0 0 0 0 0 0 0]]";[0.0, 14.0, 12.0];[0.0, 12.083045973594572, 12.529964086141668];[14.0, 0.0, 18.0];[12.083045973594572, 0.0, 11.0];[12.0, 18.0, 0.0];[12.529964086141668, 11.0, 0.0]
21;0.9437340153452686;"MMatrix[Int8[1 2 3 2 2 0 0 0 0 0 0 1 0 0 0 0 0 0 0 0; 2 4 4 3 2 0 1 0 0 0 0 1 0 0 0 0 0 0 0 0; 3 3 4 3 2 0 2 2 3 3 3 3 0 0 0 0 0 0 0 0; 3 2 2 0 0 0 2 2 2 4 4 3 0 0 0 0 0 0 0 0; 2 2 3 0 0 0 2 2 0 0 3 3 0 0 0 0 0 0 0 0; 2 3 3 0 0 0 2 2 0 0 2 3 0 0 0 0 0 0 0 0; 2 2 5 0 0 0 2 2 0 0 3 3 0 0 0 0 0 0 0 0; 3 5 5 5 3 0 2 3 3 3 4 3 0 0 0 0 0 0 0 0; 3 3 6 5 4 0 1 2 3 2 2 3 0 0 0 0 0 0 0 0; 2 2 6 6 0 0 0 0 0 2 2 2 0 0 0 0 0 0 0 0; 2 3 5 3 3 2 2 2 3 4 3 2 0 0 0 0 0 0 0 0; 2 2 3 3 2 2 2 3 3 3 2 2 0 0 0 0 0 0 0 0; 1 1 2 1 1 2 3 2 2 2 1 1 1 0 0 0 0 0 0 0; 0 0 0 1 1 0 0 0 0 0 0 0 0 0 0 0 0 0 0 0; 0 0 0 0 1 0 0 0 0 0 0 0 0 0 0 0 0 0 0 0; 0 0 0 0 0 0 0 0 0 0 0 0 0 0 0 0 0 0 0 0; 0 0 0 0 0 0 0 0 0 0 0 0 0 0 0 0 0 0 0 0; 0 0 0 0 0 0 0 0 0 0 0 0 0 0 0 0 0 0 0 0; 0 0 0 0 0 0 0 0 0 0 0 0 0 0 0 0 0 0 0 0; 0 0 0 0 0 0 0 0 0 0 0 0 0 0 0 0 0 0 0 0], Int8[1 3 3 2 1 0 0 0 0 0 0 0 0 0 0 0 0 0 0 0; 4 4 5 4 2 0 0 0 0 0 0 0 0 0 0 0 0 0 0 0; 4 5 5 4 2 0 0 0 0 0 0 0 0 0 0 0 0 0 0 0; 3 1 2 0 0 0 0 0 0 0 0 0 0 0 0 0 0 0 0 0; 3 3 3 0 0 0 0 0 0 0 0 0 0 0 0 0 0 0 0 0; 2 3 3 0 0 0 0 0 0 0 0 0 0 0 0 0 0 0 0 0; 2 2 2 0 0 0 0 0 0 0 0 0 0 0 0 0 0 0 0 0; 3 3 2 1 0 0 0 0 0 0 0 0 0 0 0 0 0 0 0 0; 3 2 2 0 1 0 0 0 0 0 0 0 0 0 0 0 0 0 0 0; 2 1 1 2 0 0 0 0 0 0 0 0 0 0 0 0 0 0 0 0; 2 3 3 1 1 1 0 0 0 0 0 0 0 0 0 0 0 0 0 0; 2 3 3 1 1 1 0 0 0 0 0 0 0 0 0 0 0 0 0 0; 2 2 2 2 1 1 1 0 0 0 0 0 0 0 0 0 0 0 0 0; 0 0 0 2 2 0 0 0 0 0 0 0 0 0 0 0 0 0 0 0; 0 0 0 2 2 0 3 3 5 5 4 4 0 0 0 0 0 0 0 0; 0 0 0 2 2 0 3 5 5 6 6 4 0 0 0 0 0 0 0 0; 0 0 0 3 3 0 4 4 5 7 7 6 0 0 0 0 0 0 0 0; 0 0 2 3 3 4 4 3 0 0 5 5 0 0 0 0 0 0 0 0; 0 1 1 3 2 3 3 4 0 0 3 3 0 0 0 0 0 0 0 0; 0 0 1 2 2 2 3 1 0 0 3 3 0 0 0 0 0 0 0 0], Int8[1 1 1 1 0 0 0 0 0 0 0 0 0 2 4 5 3 3 3 2; 2 2 2 0 0 0 0 0 0 0 0 0 0 2 5 5 3 3 3 1; 2 2 2 0 0 0 0 0 0 0 0 0 0 2 4 6 5 4 0 0; 2 1 1 0 0 0 0 0 0 0 0 0 0 0 0 0 5 4 0 0; 2 2 2 0 0 0 0 0 0 0 0 0 0 0 0 0 3 4 0 0; 2 2 3 0 0 0 0 0 0 0 0 0 0 2 2 4 4 3 0 0; 2 2 2 0 0 0 0 0 0 0 0 0 0 1 2 4 4 3 0 0; 2 2 2 1 1 0 0 0 0 0 0 0 0 1 3 3 3 4 2 1; 2 2 2 1 1 0 0 0 0 0 0 0 0 2 2 4 5 2 2 2; 2 1 2 2 0 0 0 0 0 1 0 0 0 2 2 3 3 2 2 2; 1 2 2 2 2 2 2 3 2 1 2 3 2 2 2 0 0 2 1 1; 0 0 2 1 2 2 2 2 2 1 2 2 2 2 2 0 0 2 2 2; 0 0 1 2 2 2 2 2 2 2 2 2 2 2 2 0 0 2 2 2; 0 0 0 0 1 0 0 0 0 0 0 0 0 1 2 0 0 2 1 1; 0 0 0 0 0 0 0 0 0 0 0 0 0 0 1 0 0 2 2 2; 0 0 0 0 0 0 0 0 0 0 0 0 0 0 0 2 1 2 2 2; 0 0 0 0 0 0 0 0 0 0 0 0 0 1 2 2 2 2 1 1; 0 0 0 0 0 0 0 0 0 0 0 0 0 1 1 2 2 2 1 1; 0 0 0 0 0 0 0 0 0 0 0 0 0 1 1 1 2 0 0 0; 0 0 0 0 0 0 0 0 0 0 0 0 0 1 1 1 1 0 0 0]]";[0.0, 17.0, 16.0];[0.0, 17.46424919657298, 16.492422502470642];[17.0, 0.0, 19.0];[17.46424919657298, 0.0, 11.0];[16.0, 19.0, 0.0];[16.492422502470642, 11.0, 0.0]
22;0.9744245524296675;"MMatrix[Int8[1 2 3 2 2 0 0 0 0 0 0 1 0 0 0 0 0 0 0 0; 2 4 4 3 2 0 1 0 0 0 0 2 0 0 0 0 0 0 0 0; 3 3 4 3 2 0 2 2 3 3 3 4 0 0 0 0 0 0 0 0; 3 2 2 0 0 0 2 2 2 4 4 4 0 0 0 0 0 0 0 0; 2 2 3 0 0 0 2 2 0 0 3 3 0 0 0 0 0 0 0 0; 2 3 3 0 0 0 2 2 0 0 2 3 0 0 0 0 0 0 0 0; 2 2 5 0 0 0 2 2 0 0 3 3 0 0 0 0 0 0 0 0; 3 5 5 5 3 0 2 3 3 3 4 3 0 0 0 0 0 0 0 0; 3 3 6 5 4 0 1 2 3 2 2 3 0 0 0 0 0 0 0 0; 2 2 6 6 0 0 0 0 0 2 2 2 0 0 0 0 0 0 0 0; 2 3 5 3 3 2 2 2 3 4 3 2 0 0 0 0 0 0 0 0; 2 2 3 3 2 2 2 3 3 3 2 2 0 0 0 0 0 0 0 0; 1 1 2 1 1 2 3 2 2 2 1 1 1 0 0 0 0 0 0 0; 0 0 0 1 1 0 0 0 0 0 0 0 0 0 0 0 0 0 0 0; 0 0 0 0 1 0 0 0 0 0 0 0 0 0 0 0 0 0 0 0; 0 0 0 0 0 0 0 0 0 0 0 0 0 0 0 0 0 0 0 0; 0 0 0 0 0 0 0 0 0 0 0 0 0 0 0 0 0 0 0 0; 0 0 0 0 0 0 0 0 0 0 0 0 0 0 0 0 0 0 0 0; 0 0 0 0 0 0 0 0 0 0 0 0 0 0 0 0 0 0 0 0; 0 0 0 0 0 0 0 0 0 0 0 0 0 0 0 0 0 0 0 0], Int8[1 3 3 2 1 0 0 0 0 0 0 0 0 0 0 0 0 0 0 0; 4 4 5 4 2 0 0 0 0 0 0 0 0 0 0 0 0 0 0 0; 4 5 5 4 2 0 0 0 0 0 0 0 0 0 0 0 0 0 0 0; 3 1 2 0 0 0 0 0 0 0 0 0 0 0 0 0 0 0 0 0; 3 3 3 0 0 0 0 0 0 0 0 0 0 0 0 0 0 0 0 0; 2 3 3 0 0 0 0 0 0 0 0 0 0 0 0 0 0 0 0 0; 2 2 2 0 0 0 0 0 0 0 0 0 0 0 0 0 0 0 0 0; 3 3 2 1 0 0 0 0 0 0 0 0 0 0 0 0 0 0 0 0; 3 2 2 0 1 0 0 0 0 0 0 0 0 0 0 0 0 0 0 0; 2 1 1 2 0 0 0 0 0 0 0 0 0 0 0 0 0 0 0 0; 2 3 3 1 1 1 0 0 0 0 0 0 0 0 0 0 0 0 0 0; 2 3 3 1 1 1 0 0 0 0 0 0 0 0 0 0 0 0 0 0; 2 2 2 2 1 1 1 0 0 0 0 0 0 0 0 0 0 0 0 0; 0 0 0 2 2 0 0 0 0 0 0 0 0 0 0 0 0 0 0 0; 0 0 0 2 2 0 3 3 5 5 4 4 0 0 0 0 0 0 0 0; 0 1 0 2 2 0 3 5 5 6 6 4 0 0 0 0 0 0 0 0; 1 1 0 4 3 0 4 4 5 7 7 6 0 0 0 0 0 0 0 0; 1 1 3 4 3 4 4 3 0 0 5 5 0 0 0 0 0 0 0 0; 1 1 2 4 3 3 3 4 0 0 3 3 0 0 0 0 0 0 0 0; 1 1 2 3 2 2 3 1 0 0 3 3 0 0 0 0 0 0 0 0], Int8[1 1 1 1 0 0 0 0 0 0 0 0 0 2 4 5 3 3 3 2; 2 2 2 0 0 0 0 0 0 0 0 0 0 2 5 5 3 3 3 1; 2 2 2 0 0 0 0 0 0 0 0 0 0 2 4 6 5 4 0 0; 2 1 1 0 0 0 0 0 0 0 0 0 0 0 0 0 5 4 0 0; 2 2 2 0 0 0 0 0 0 0 0 0 0 0 0 0 3 4 0 0; 2 2 3 0 0 0 0 0 0 0 0 0 0 2 2 4 4 3 0 0; 2 2 2 0 0 0 0 0 0 0 0 0 0 1 2 4 4 3 0 0; 2 2 2 1 1 0 0 0 0 0 0 0 0 1 3 3 3 4 2 1; 2 2 2 1 1 0 0 0 0 0 0 0 0 2 2 4 5 2 2 2; 2 1 2 2 0 0 0 0 0 1 0 0 0 2 2 3 3 2 2 2; 1 2 2 2 2 2 2 3 2 1 2 3 2 2 2 0 0 2 1 1; 0 0 2 1 2 2 2 2 2 1 2 2 2 2 2 0 0 2 2 2; 0 0 1 2 2 2 2 2 2 2 2 2 2 2 2 0 0 2 2 2; 0 0 0 0 1 0 0 0 0 0 0 0 0 2 2 0 0 2 1 1; 0 0 0 0 0 0 0 0 0 0 0 0 0 1 2 0 0 2 2 2; 0 0 0 0 0 0 0 0 0 0 0 0 0 1 1 2 2 3 3 2; 0 0 0 0 0 0 0 0 0 0 0 0 0 2 3 3 3 3 1 1; 0 0 0 0 0 0 0 0 0 0 0 0 0 2 2 3 3 3 1 1; 0 0 0 0 0 0 0 0 0 0 0 0 0 1 1 2 2 0 0 0; 0 0 0 0 0 0 0 0 0 0 0 0 0 1 1 1 1 0 0 0]]";[0.0, 19.0, 15.0];[0.0, 20.591260281974, 15.524174696260024];[19.0, 0.0, 16.0];[20.591260281974, 0.0, 14.317821063276353];[15.0, 16.0, 0.0];[15.524174696260024, 14.317821063276353, 0.0]
23;0.9846547314578005;"MMatrix[Int8[1 2 3 2 2 0 0 0 0 0 0 2 0 0 0 0 0 0 0 0; 2 4 4 3 2 0 1 0 0 0 0 3 0 0 0 0 0 0 0 0; 3 3 4 3 2 0 2 2 3 4 4 5 0 0 0 0 0 0 0 0; 3 2 2 0 0 0 2 2 3 5 5 4 0 0 0 0 0 0 0 0; 2 2 3 0 0 0 2 2 0 0 4 4 0 0 0 0 0 0 0 0; 2 3 3 0 0 0 2 2 0 0 3 4 0 0 0 0 0 0 0 0; 2 2 5 0 0 0 2 2 0 0 3 4 0 0 0 0 0 0 0 0; 3 5 5 5 3 0 2 3 3 3 4 3 0 0 0 0 0 0 0 0; 3 3 6 5 4 0 1 2 3 2 2 3 0 0 0 0 0 0 0 0; 2 2 6 6 0 0 0 0 0 2 2 2 0 0 0 0 0 0 0 0; 2 3 5 3 3 2 2 2 3 4 3 2 0 0 0 0 0 0 0 0; 2 2 3 3 2 2 2 3 3 3 2 2 0 0 0 0 0 0 0 0; 1 1 2 1 1 2 3 2 2 2 1 1 1 0 0 0 0 0 0 0; 0 0 0 1 1 0 0 0 0 0 0 0 0 0 0 0 0 0 0 0; 0 0 0 0 1 0 0 0 0 0 0 0 0 0 0 0 0 0 0 0; 0 0 0 0 0 0 0 0 0 0 0 0 0 0 0 0 0 0 0 0; 0 0 0 0 0 0 0 0 0 0 0 0 0 0 0 0 0 0 0 0; 0 0 0 0 0 0 0 0 0 0 0 0 0 0 0 0 0 0 0 0; 0 0 0 0 0 0 0 0 0 0 0 0 0 0 0 0 0 0 0 0; 0 0 0 0 0 0 0 0 0 0 0 0 0 0 0 0 0 0 0 0], Int8[1 3 3 2 1 0 0 0 0 0 0 0 0 0 0 0 0 0 0 0; 4 4 5 4 2 0 0 0 0 0 0 0 0 0 0 0 0 0 0 0; 4 5 5 4 2 0 0 0 0 0 0 0 0 0 0 0 0 0 0 0; 3 1 2 0 0 0 0 0 0 0 0 0 0 0 0 0 0 0 0 0; 3 3 3 0 0 0 0 0 0 0 0 0 0 0 0 0 0 0 0 0; 2 3 3 0 0 0 0 0 0 0 0 0 0 0 0 0 0 0 0 0; 2 2 2 0 0 0 0 0 0 0 0 0 0 0 0 0 0 0 0 0; 3 3 2 1 0 0 0 0 0 0 0 0 0 0 0 0 0 0 0 0; 3 2 2 0 1 0 0 0 0 0 0 0 0 0 0 0 0 0 0 0; 2 1 1 2 0 0 0 0 0 0 0 0 0 0 0 0 0 0 0 0; 2 3 3 1 1 1 0 0 0 0 0 0 0 0 0 0 0 0 0 0; 2 3 3 1 1 1 0 0 0 0 0 0 0 0 0 0 0 0 0 0; 2 2 2 2 1 1 1 0 0 0 0 0 0 0 0 0 0 0 0 0; 0 0 0 2 2 0 0 0 0 0 0 0 0 0 0 0 0 0 0 0; 1 1 0 2 2 0 3 3 5 5 4 4 0 0 0 0 0 0 0 0; 1 1 0 2 2 0 3 5 5 6 6 4 0 0 0 0 0 0 0 0; 2 2 0 4 3 0 4 4 5 7 7 6 0 0 0 0 0 0 0 0; 2 2 3 4 3 4 4 3 0 0 5 5 0 0 0 0 0 0 0 0; 1 2 2 4 3 3 3 4 0 0 3 3 0 0 0 0 0 0 0 0; 1 1 2 3 2 2 3 1 0 0 3 3 0 0 0 0 0 0 0 0], Int8[1 1 1 1 0 0 0 0 0 0 0 0 0 2 4 5 3 3 3 2; 2 2 2 0 0 0 0 0 0 0 0 0 0 2 5 5 3 3 3 1; 2 2 2 0 0 0 0 0 0 0 0 0 0 2 4 6 5 4 0 0; 2 1 1 0 0 0 0 0 0 0 0 0 0 0 0 0 5 4 0 0; 2 2 2 0 0 0 0 0 0 0 0 0 0 0 0 0 3 4 0 0; 2 2 3 0 0 0 0 0 0 0 0 0 0 2 2 4 4 3 0 0; 2 2 2 0 0 0 0 0 0 0 0 0 0 1 2 4 4 3 0 0; 2 2 2 1 1 0 0 0 0 0 0 0 0 1 3 3 3 4 2 1; 2 2 2 1 1 0 0 0 0 0 0 0 0 2 2 4 5 2 2 2; 2 1 2 2 0 0 0 0 0 1 0 0 0 2 2 3 3 2 2 2; 1 2 2 2 2 2 2 3 2 1 2 3 2 3 2 0 0 2 1 1; 0 0 2 1 2 2 2 2 2 1 2 3 3 3 3 0 0 2 2 2; 0 0 1 2 2 2 2 2 2 2 2 2 3 3 3 0 0 2 2 2; 0 0 0 0 1 0 0 0 0 0 0 0 0 2 3 0 0 2 1 1; 0 0 0 0 0 0 0 0 0 0 0 0 0 2 3 0 0 2 2 2; 0 0 0 0 0 0 0 0 0 0 0 0 0 2 2 3 2 3 3 2; 0 0 0 0 0 0 0 0 0 0 0 0 0 3 3 3 3 3 1 1; 0 0 0 0 0 0 0 0 0 0 0 0 0 2 2 3 3 3 1 1; 0 0 0 0 0 0 0 0 0 0 0 0 0 1 1 2 2 0 0 0; 0 0 0 0 0 0 0 0 0 0 0 0 0 1 1 1 1 0 0 0]]";[0.0, 17.0, 10.0];[0.0, 15.620499351813308, 10.198039027185569];[17.0, 0.0, 15.0];[15.620499351813308, 0.0, 12.165525060596439];[10.0, 15.0, 0.0];[10.198039027185569, 12.165525060596439, 0.0]
24;0.9846547314578005;"MMatrix[Int8[1 2 3 2 2 0 0 0 0 0 0 2 0 0 0 0 0 0 0 0; 2 4 4 3 2 0 2 0 0 0 0 3 0 0 0 0 0 0 0 0; 3 3 4 3 2 0 3 3 4 5 5 5 0 0 0 0 0 0 0 0; 3 2 2 0 0 0 3 3 3 6 6 5 0 0 0 0 0 0 0 0; 2 2 3 0 0 0 3 3 0 0 4 4 0 0 0 0 0 0 0 0; 2 3 3 0 0 0 3 2 0 0 3 4 0 0 0 0 0 0 0 0; 2 2 5 0 0 0 2 2 0 0 3 4 0 0 0 0 0 0 0 0; 3 5 5 5 3 0 2 3 3 3 4 3 0 0 0 0 0 0 0 0; 3 3 6 5 4 0 1 2 3 2 2 3 0 0 0 0 0 0 0 0; 2 2 6 6 0 0 0 0 0 2 2 2 0 0 0 0 0 0 0 0; 2 3 5 3 3 2 2 2 3 4 3 2 0 0 0 0 0 0 0 0; 2 2 3 3 2 2 2 3 3 3 2 2 0 0 0 0 0 0 0 0; 1 1 2 1 1 2 3 2 2 2 1 1 1 0 0 0 0 0 0 0; 0 0 0 1 1 0 0 0 0 0 0 0 0 0 0 0 0 0 0 0; 0 0 0 0 1 0 0 0 0 0 0 0 0 0 0 0 0 0 0 0; 0 0 0 0 0 0 0 0 0 0 0 0 0 0 0 0 0 0 0 0; 0 0 0 0 0 0 0 0 0 0 0 0 0 0 0 0 0 0 0 0; 0 0 0 0 0 0 0 0 0 0 0 0 0 0 0 0 0 0 0 0; 0 0 0 0 0 0 0 0 0 0 0 0 0 0 0 0 0 0 0 0; 0 0 0 0 0 0 0 0 0 0 0 0 0 0 0 0 0 0 0 0], Int8[1 3 3 2 1 0 0 0 0 0 0 0 0 0 0 0 0 0 0 0; 4 4 5 4 2 0 0 0 0 0 0 0 0 0 0 0 0 0 0 0; 4 5 5 4 2 0 0 0 0 0 0 0 0 0 0 0 0 0 0 0; 3 1 2 0 0 0 0 0 0 0 0 0 0 0 0 0 0 0 0 0; 3 3 3 0 0 0 0 0 0 0 0 0 0 0 0 0 0 0 0 0; 2 3 3 0 0 0 0 0 0 0 0 0 0 0 0 0 0 0 0 0; 2 2 2 0 0 0 0 0 0 0 0 0 0 0 0 0 0 0 0 0; 3 3 2 1 0 0 0 0 0 0 0 0 0 0 0 0 0 0 0 0; 3 2 2 0 1 0 0 0 0 0 0 0 0 0 0 0 0 0 0 0; 2 1 1 2 0 0 0 0 0 0 0 0 0 0 0 0 0 0 0 0; 2 3 3 1 1 1 0 0 0 0 0 0 0 0 0 0 0 0 0 0; 2 3 3 1 1 1 0 0 0 0 0 0 0 0 0 0 0 0 0 0; 2 2 2 2 1 1 1 0 0 0 0 0 0 0 0 0 0 0 0 0; 0 0 0 2 2 0 0 0 0 0 0 0 0 0 0 0 0 0 0 0; 2 2 0 2 2 0 3 3 5 5 4 4 0 0 0 0 0 0 0 0; 1 2 0 2 2 0 3 5 5 6 6 4 0 0 0 0 0 0 0 0; 3 3 0 4 3 0 4 4 5 7 7 6 0 0 0 0 0 0 0 0; 3 3 4 4 3 4 4 3 0 0 5 5 0 0 0 0 0 0 0 0; 2 2 2 4 3 3 3 4 0 0 3 3 0 0 0 0 0 0 0 0; 1 1 2 3 2 2 3 1 0 0 3 3 0 0 0 0 0 0 0 0], Int8[1 1 1 1 0 0 0 0 0 0 0 0 0 2 4 5 3 3 3 2; 2 2 2 0 0 0 0 0 0 0 0 0 0 2 5 5 3 3 3 1; 2 2 2 0 0 0 0 0 0 0 0 0 0 2 4 6 5 4 0 0; 2 1 1 0 0 0 0 0 0 0 0 0 0 0 0 0 5 4 0 0; 2 2 2 0 0 0 0 0 0 0 0 0 0 0 0 0 3 4 0 0; 2 2 3 0 0 0 0 0 0 0 0 0 0 2 2 4 4 3 0 0; 2 2 2 0 0 0 0 0 0 0 0 0 0 1 2 4 4 3 0 0; 2 2 2 1 1 0 0 0 0 0 0 0 0 1 3 3 3 4 2 1; 2 2 2 1 1 0 0 0 0 0 0 0 0 2 2 4 5 2 2 2; 2 1 2 2 0 0 0 0 0 1 0 0 0 2 3 3 3 2 2 2; 1 2 2 2 2 2 2 3 2 1 2 3 3 4 3 0 0 2 1 1; 0 0 2 1 2 2 2 2 2 1 2 3 4 4 4 0 0 2 2 2; 0 0 1 2 2 2 2 2 2 2 2 3 4 4 3 0 0 2 2 2; 0 0 0 0 1 0 0 0 0 0 0 0 0 3 4 0 0 2 1 1; 0 0 0 0 0 0 0 0 0 0 0 0 0 3 4 0 0 2 2 2; 0 0 0 0 0 0 0 0 0 0 0 0 0 2 3 3 2 3 3 2; 0 0 0 0 0 0 0 0 0 0 0 0 0 3 3 3 3 3 1 1; 0 0 0 0 0 0 0 0 0 0 0 0 0 2 2 3 3 3 1 1; 0 0 0 0 0 0 0 0 0 0 0 0 0 1 1 2 2 0 0 0; 0 0 0 0 0 0 0 0 0 0 0 0 0 1 1 1 1 0 0 0]]";[0.0, 17.0, 10.0];[0.0, 14.422205101855956, 10.816653826391969];[17.0, 0.0, 16.0];[14.422205101855956, 0.0, 14.317821063276353];[10.0, 16.0, 0.0];[10.816653826391969, 14.317821063276353, 0.0]
25;0.989769820971867;"MMatrix[Int8[1 2 3 2 2 0 1 0 0 0 0 2 0 0 0 0 0 0 0 0; 2 4 4 3 2 0 2 0 0 0 0 3 0 0 0 0 0 0 0 0; 3 3 4 3 2 0 4 4 4 5 5 5 0 0 0 0 0 0 0 0; 3 2 2 0 0 0 4 4 4 6 6 5 0 0 0 0 0 0 0 0; 2 2 3 0 0 0 4 3 0 0 4 4 0 0 0 0 0 0 0 0; 2 3 3 0 0 0 3 2 0 0 3 4 0 0 0 0 0 0 0 0; 2 2 5 0 0 0 2 2 0 0 3 4 0 0 0 0 0 0 0 0; 3 5 5 5 3 0 2 3 3 3 4 3 0 0 0 0 0 0 0 0; 3 3 6 5 4 0 1 2 3 2 2 3 0 0 0 0 0 0 0 0; 2 2 6 6 0 0 0 0 0 2 2 2 0 0 0 0 0 0 0 0; 2 3 5 3 3 2 2 2 3 4 3 2 0 0 0 0 0 0 0 0; 2 2 3 3 2 2 2 3 3 3 2 2 0 0 0 0 0 0 0 0; 1 1 2 1 1 2 3 2 2 2 1 1 1 0 0 0 0 0 0 0; 0 0 0 1 1 0 0 0 0 0 0 0 0 0 0 0 0 0 0 0; 0 0 0 0 1 0 0 0 0 0 0 0 0 0 0 0 0 0 0 0; 0 0 0 0 0 0 0 0 0 0 0 0 0 0 0 0 0 0 0 0; 0 0 0 0 0 0 0 0 0 0 0 0 0 0 0 0 0 0 0 0; 0 0 0 0 0 0 0 0 0 0 0 0 0 0 0 0 0 0 0 0; 0 0 0 0 0 0 0 0 0 0 0 0 0 0 0 0 0 0 0 0; 0 0 0 0 0 0 0 0 0 0 0 0 0 0 0 0 0 0 0 0], Int8[1 3 3 2 1 0 0 0 0 0 0 0 0 0 0 0 0 0 0 0; 4 4 5 4 2 0 0 0 0 0 0 0 0 0 0 0 0 0 0 0; 4 5 5 4 2 0 0 0 0 0 0 0 0 0 0 0 0 0 0 0; 3 1 2 0 0 0 0 0 0 0 0 0 0 0 0 0 0 0 0 0; 3 3 3 0 0 0 0 0 0 0 0 0 0 0 0 0 0 0 0 0; 2 3 3 0 0 0 0 0 0 0 0 0 0 0 0 0 0 0 0 0; 2 2 2 0 0 0 0 0 0 0 0 0 0 0 0 0 0 0 0 0; 3 3 2 1 0 0 0 0 0 0 0 0 0 0 0 0 0 0 0 0; 3 2 2 0 1 0 0 0 0 0 0 0 0 0 0 0 0 0 0 0; 2 1 1 2 0 0 0 0 0 0 0 0 0 0 0 0 0 0 0 0; 2 3 3 1 1 1 0 0 0 0 0 0 0 0 0 0 0 0 0 0; 2 3 3 1 1 1 0 0 0 0 0 0 0 0 0 0 0 0 0 0; 2 2 2 2 1 1 1 0 0 0 0 0 0 0 0 0 0 0 0 0; 0 0 0 2 2 0 0 0 0 0 0 0 0 0 0 0 0 0 0 0; 2 2 0 2 2 0 3 3 5 5 4 4 0 0 0 0 0 0 0 0; 2 2 0 2 3 0 3 5 5 6 6 4 0 0 0 0 0 0 0 0; 4 4 0 5 4 0 4 4 5 7 7 6 0 0 0 0 0 0 0 0; 4 4 4 5 4 5 4 3 0 0 5 5 0 0 0 0 0 0 0 0; 3 3 3 5 4 3 3 4 0 0 3 3 0 0 0 0 0 0 0 0; 2 2 3 4 3 2 3 1 0 0 3 3 0 0 0 0 0 0 0 0], Int8[1 1 1 1 0 0 0 0 0 0 0 0 0 2 4 5 3 3 3 2; 2 2 2 0 0 0 0 0 0 0 0 0 0 2 5 5 3 3 3 1; 2 2 2 0 0 0 0 0 0 0 0 0 0 2 4 6 5 4 0 0; 2 1 1 0 0 0 0 0 0 0 0 0 0 0 0 0 5 4 0 0; 2 2 2 0 0 0 0 0 0 0 0 0 0 0 0 0 3 4 0 0; 2 2 3 0 0 0 0 0 0 0 0 0 0 2 2 4 4 3 0 0; 2 2 2 0 0 0 0 0 0 0 0 0 0 1 3 4 4 3 0 0; 2 2 2 1 1 0 0 0 0 0 0 0 0 2 4 4 4 4 2 1; 2 2 2 1 1 0 0 0 0 0 0 0 0 3 3 5 6 2 2 2; 2 1 2 2 0 0 0 0 0 1 0 0 0 3 3 4 4 3 2 2; 1 2 2 2 2 2 2 3 2 1 2 3 4 5 4 0 0 2 1 1; 0 0 2 1 2 2 2 2 2 1 2 3 5 5 5 0 0 2 2 2; 0 0 1 2 2 2 2 2 2 2 2 3 4 4 4 0 0 2 2 2; 0 0 0 0 1 0 0 0 0 0 0 0 0 3 4 0 0 2 1 1; 0 0 0 0 0 0 0 0 0 0 0 0 0 3 4 0 0 2 2 2; 0 0 0 0 0 0 0 0 0 0 0 0 0 2 3 3 2 3 3 2; 0 0 0 0 0 0 0 0 0 0 0 0 0 3 3 3 3 3 1 1; 0 0 0 0 0 0 0 0 0 0 0 0 0 2 2 3 3 3 1 1; 0 0 0 0 0 0 0 0 0 0 0 0 0 1 1 2 2 0 0 0; 0 0 0 0 0 0 0 0 0 0 0 0 0 1 1 1 1 0 0 0]]";[0.0, 17.0, 12.0];[0.0, 16.492422502470642, 11.313708498984761];[17.0, 0.0, 14.0];[16.492422502470642, 0.0, 14.422205101855956];[12.0, 14.0, 0.0];[11.313708498984761, 14.422205101855956, 0.0]
26;0.989769820971867;"MMatrix[Int8[1 2 3 2 2 0 1 0 0 0 0 2 0 0 0 0 0 0 0 0; 2 4 4 3 2 0 3 0 0 0 0 3 0 0 0 0 0 0 0 0; 3 3 4 3 2 0 5 5 5 6 6 5 0 0 0 0 0 0 0 0; 3 2 2 0 0 0 5 5 4 7 7 6 0 0 0 0 0 0 0 0; 2 2 3 0 0 0 5 4 0 0 4 4 0 0 0 0 0 0 0 0; 2 3 3 0 0 0 4 2 0 0 3 4 0 0 0 0 0 0 0 0; 2 2 5 0 0 0 2 2 0 0 3 4 0 0 0 0 0 0 0 0; 3 5 5 5 3 0 2 3 3 3 4 3 0 0 0 0 0 0 0 0; 3 3 6 5 4 0 1 2 3 2 2 3 0 0 0 0 0 0 0 0; 2 2 6 6 0 0 0 0 0 2 2 2 0 0 0 0 0 0 0 0; 2 3 5 3 3 2 2 2 3 4 3 2 0 0 0 0 0 0 0 0; 2 2 3 3 2 2 2 3 3 3 2 2 0 0 0 0 0 0 0 0; 1 1 2 1 1 2 3 2 2 2 1 1 1 0 0 0 0 0 0 0; 0 0 0 1 1 0 0 0 0 0 0 0 0 0 0 0 0 0 0 0; 0 0 0 0 1 0 0 0 0 0 0 0 0 0 0 0 0 0 0 0; 0 0 0 0 0 0 0 0 0 0 0 0 0 0 0 0 0 0 0 0; 0 0 0 0 0 0 0 0 0 0 0 0 0 0 0 0 0 0 0 0; 0 0 0 0 0 0 0 0 0 0 0 0 0 0 0 0 0 0 0 0; 0 0 0 0 0 0 0 0 0 0 0 0 0 0 0 0 0 0 0 0; 0 0 0 0 0 0 0 0 0 0 0 0 0 0 0 0 0 0 0 0], Int8[1 3 3 2 1 0 0 0 0 0 0 0 0 0 0 0 0 0 0 0; 4 4 5 4 2 0 0 0 0 0 0 0 0 0 0 0 0 0 0 0; 4 5 5 4 2 0 0 0 0 0 0 0 0 0 0 0 0 0 0 0; 3 1 2 0 0 0 0 0 0 0 0 0 0 0 0 0 0 0 0 0; 3 3 3 0 0 0 0 0 0 0 0 0 0 0 0 0 0 0 0 0; 2 3 3 0 0 0 0 0 0 0 0 0 0 0 0 0 0 0 0 0; 2 2 2 0 0 0 0 0 0 0 0 0 0 0 0 0 0 0 0 0; 3 3 2 1 0 0 0 0 0 0 0 0 0 0 0 0 0 0 0 0; 3 2 2 0 1 0 0 0 0 0 0 0 0 0 0 0 0 0 0 0; 2 1 1 2 0 0 0 0 0 0 0 0 0 0 0 0 0 0 0 0; 2 3 3 1 1 1 0 0 0 0 0 0 0 0 0 0 0 0 0 0; 2 3 3 1 1 1 0 0 0 0 0 0 0 0 0 0 0 0 0 0; 2 2 2 2 1 1 1 0 0 0 0 0 0 0 0 0 0 0 0 0; 0 0 0 2 2 0 0 0 0 0 0 0 0 0 0 0 0 0 0 0; 2 2 0 2 2 0 3 3 5 5 4 4 0 0 0 0 0 0 0 0; 2 2 0 2 3 0 3 5 5 6 6 4 0 0 0 0 0 0 0 0; 4 4 0 5 4 0 4 4 5 7 7 6 0 0 0 0 0 0 0 0; 5 5 5 6 5 5 4 3 0 0 5 5 0 0 0 0 0 0 0 0; 4 4 4 6 5 3 3 4 0 0 3 3 0 0 0 0 0 0 0 0; 3 3 3 5 4 3 3 1 0 0 3 3 0 0 0 0 0 0 0 0], Int8[1 1 1 1 0 0 0 0 0 0 0 0 0 2 4 5 3 3 3 2; 2 2 2 0 0 0 0 0 0 0 0 0 0 2 5 5 3 3 3 1; 2 2 2 0 0 0 0 0 0 0 0 0 0 2 4 6 5 4 0 0; 2 1 1 0 0 0 0 0 0 0 0 0 0 0 0 0 5 4 0 0; 2 2 2 0 0 0 0 0 0 0 0 0 0 0 0 0 3 4 0 0; 2 2 3 0 0 0 0 0 0 0 0 0 0 2 2 4 4 3 0 0; 2 2 2 0 0 0 0 0 0 0 0 0 0 1 3 4 4 4 0 0; 2 2 2 1 1 0 0 0 0 0 0 0 0 2 4 5 5 5 3 2; 2 2 2 1 1 0 0 0 0 0 0 0 0 3 3 6 7 3 3 3; 2 1 2 2 0 0 0 0 0 1 0 0 0 3 4 5 5 3 3 3; 1 2 2 2 2 2 2 3 2 1 2 3 4 5 4 0 0 3 2 2; 0 0 2 1 2 2 2 2 2 1 2 3 5 5 5 0 0 3 3 3; 0 0 1 2 2 2 2 2 2 2 2 3 4 4 4 0 0 3 2 2; 0 0 0 0 1 0 0 0 0 0 0 0 0 3 4 0 0 2 1 1; 0 0 0 0 0 0 0 0 0 0 0 0 0 3 4 0 0 2 2 2; 0 0 0 0 0 0 0 0 0 0 0 0 0 2 3 3 2 3 3 2; 0 0 0 0 0 0 0 0 0 0 0 0 0 3 3 3 3 3 1 1; 0 0 0 0 0 0 0 0 0 0 0 0 0 2 2 3 3 3 1 1; 0 0 0 0 0 0 0 0 0 0 0 0 0 1 1 2 2 0 0 0; 0 0 0 0 0 0 0 0 0 0 0 0 0 1 1 1 1 0 0 0]]";[0.0, 17.0, 13.0];[0.0, 17.08800749063506, 10.816653826391969];[17.0, 0.0, 19.0];[17.08800749063506, 0.0, 18.027756377319946];[13.0, 19.0, 0.0];[10.816653826391969, 18.027756377319946, 0.0]
27;0.9948849104859335;"MMatrix[Int8[1 2 3 2 2 0 1 0 0 0 0 2 0 0 0 0 0 0 0 0; 2 4 4 3 2 0 3 0 0 0 0 3 0 0 0 0 0 0 0 0; 3 3 4 3 2 0 6 5 5 6 6 5 0 0 0 0 0 0 0 0; 3 2 2 0 0 0 6 6 5 7 7 6 0 0 0 0 0 0 0 0; 2 2 3 0 0 0 6 5 0 0 4 4 0 0 0 0 0 0 0 0; 2 3 3 0 0 0 4 3 0 0 3 4 0 0 0 0 0 0 0 0; 2 2 5 0 0 0 3 3 0 0 3 4 0 0 0 0 0 0 0 0; 3 5 5 5 3 0 3 4 4 3 4 3 0 0 0 0 0 0 0 0; 3 3 6 5 4 0 2 2 3 2 2 3 0 0 0 0 0 0 0 0; 2 2 6 6 0 0 0 0 0 2 2 2 0 0 0 0 0 0 0 0; 2 3 5 3 3 2 2 2 3 4 3 2 0 0 0 0 0 0 0 0; 2 2 3 3 2 2 2 3 3 3 2 2 0 0 0 0 0 0 0 0; 1 1 2 1 1 2 3 2 2 2 1 1 1 0 0 0 0 0 0 0; 0 0 0 1 1 0 0 0 0 0 0 0 0 0 0 0 0 0 0 0; 0 0 0 0 1 0 0 0 0 0 0 0 0 0 0 0 0 0 0 0; 0 0 0 0 0 0 0 0 0 0 0 0 0 0 0 0 0 0 0 0; 0 0 0 0 0 0 0 0 0 0 0 0 0 0 0 0 0 0 0 0; 0 0 0 0 0 0 0 0 0 0 0 0 0 0 0 0 0 0 0 0; 0 0 0 0 0 0 0 0 0 0 0 0 0 0 0 0 0 0 0 0; 0 0 0 0 0 0 0 0 0 0 0 0 0 0 0 0 0 0 0 0], Int8[1 3 3 2 1 0 0 0 0 0 0 0 0 0 0 0 0 0 0 0; 4 4 5 4 2 0 0 0 0 0 0 0 0 0 0 0 0 0 0 0; 4 5 5 4 2 0 0 0 0 0 0 0 0 0 0 0 0 0 0 0; 3 1 2 0 0 0 0 0 0 0 0 0 0 0 0 0 0 0 0 0; 3 3 3 0 0 0 0 0 0 0 0 0 0 0 0 0 0 0 0 0; 2 3 3 0 0 0 0 0 0 0 0 0 0 0 0 0 0 0 0 0; 2 2 2 0 0 0 0 0 0 0 0 0 0 0 0 0 0 0 0 0; 3 3 2 1 0 0 0 0 0 0 0 0 0 0 0 0 0 0 0 0; 3 2 2 0 1 0 0 0 0 0 0 0 0 0 0 0 0 0 0 0; 2 1 1 2 0 0 0 0 0 0 0 0 0 0 0 0 0 0 0 0; 2 3 3 1 1 1 0 0 0 0 0 0 0 0 0 0 0 0 0 0; 2 3 3 1 1 1 0 0 0 0 0 0 0 0 0 0 0 0 0 0; 2 2 2 2 1 1 1 0 0 0 0 0 0 0 0 0 0 0 0 0; 0 0 0 2 2 0 0 0 0 0 0 0 0 0 0 0 0 0 0 0; 2 2 0 2 2 0 3 3 5 5 4 4 0 0 0 0 0 0 0 0; 2 2 0 2 3 0 3 5 5 6 6 4 0 0 0 0 0 0 0 0; 4 4 0 5 4 0 4 4 5 7 7 6 0 0 0 0 0 0 0 0; 5 5 5 7 6 6 5 4 0 0 5 5 0 0 0 0 0 0 0 0; 4 4 4 7 6 4 4 5 0 0 3 3 0 0 0 0 0 0 0 0; 3 3 4 6 5 3 4 2 0 0 3 3 0 0 0 0 0 0 0 0], Int8[1 1 1 1 0 0 0 0 0 0 0 0 0 2 4 5 3 3 3 2; 2 2 2 0 0 0 0 0 0 0 0 0 0 2 5 5 3 3 3 1; 2 2 2 0 0 0 0 0 0 0 0 0 0 2 4 6 5 4 0 0; 2 1 1 0 0 0 0 0 0 0 0 0 0 0 0 0 5 4 0 0; 2 2 2 0 0 0 0 0 0 0 0 0 0 0 0 0 3 4 0 0; 2 2 3 0 0 0 0 0 0 0 0 0 0 2 2 4 4 3 0 0; 2 2 2 0 0 0 0 0 0 0 0 0 0 1 3 4 4 4 0 0; 2 2 2 1 1 0 0 0 0 0 0 0 0 2 4 5 6 6 4 2; 2 2 2 1 1 0 0 0 0 0 0 0 0 3 3 6 7 4 4 4; 2 1 2 2 0 0 0 0 0 1 0 0 0 3 4 5 5 4 4 4; 1 2 2 2 2 2 2 3 2 1 2 3 4 5 4 0 0 3 2 3; 0 0 2 1 2 2 2 2 2 1 2 3 5 5 5 0 0 3 3 3; 0 0 1 2 2 2 2 2 2 2 2 3 4 4 4 0 0 3 2 2; 0 0 0 0 1 0 0 0 0 0 0 0 0 3 4 0 0 2 1 1; 0 0 0 0 0 0 0 0 0 0 0 0 0 3 4 0 0 2 2 2; 0 0 0 0 0 0 0 0 0 0 0 0 0 2 3 3 2 3 3 2; 0 0 0 0 0 0 0 0 0 0 0 0 0 3 3 3 3 3 1 1; 0 0 0 0 0 0 0 0 0 0 0 0 0 2 2 3 3 3 1 1; 0 0 0 0 0 0 0 0 0 0 0 0 0 1 1 2 2 0 0 0; 0 0 0 0 0 0 0 0 0 0 0 0 0 1 1 1 1 0 0 0]]";[0.0, 15.0, 13.0];[0.0, 14.035668847618199, 13.152946437965905];[15.0, 0.0, 21.0];[14.035668847618199, 0.0, 18.439088914585774];[13.0, 21.0, 0.0];[13.152946437965905, 18.439088914585774, 0.0]
28;0.9948849104859335;"MMatrix[Int8[1 2 3 2 2 0 1 0 0 0 0 2 0 0 0 0 0 0 0 0; 2 4 4 3 2 0 3 0 0 0 0 3 0 0 0 0 0 0 0 0; 3 3 4 3 2 0 6 5 5 6 6 5 0 0 0 0 0 0 0 0; 3 2 2 0 0 0 6 6 5 7 7 6 0 0 0 0 0 0 0 0; 2 2 3 0 0 0 6 5 0 0 4 4 0 0 0 0 0 0 0 0; 2 3 3 0 0 0 5 3 0 0 3 4 0 0 0 0 0 0 0 0; 2 2 5 0 0 0 4 4 0 0 3 4 0 0 0 0 0 0 0 0; 3 5 5 5 3 0 4 5 4 4 5 4 0 0 0 0 0 0 0 0; 3 3 6 5 4 0 3 3 4 3 3 3 0 0 0 0 0 0 0 0; 2 2 6 6 0 0 0 0 0 3 3 2 0 0 0 0 0 0 0 0; 2 3 5 3 3 2 2 2 3 4 3 2 0 0 0 0 0 0 0 0; 2 2 3 3 2 2 2 3 3 3 2 2 0 0 0 0 0 0 0 0; 1 1 2 1 1 2 3 2 2 2 1 1 1 0 0 0 0 0 0 0; 0 0 0 1 1 0 0 0 0 0 0 0 0 0 0 0 0 0 0 0; 0 0 0 0 1 0 0 0 0 0 0 0 0 0 0 0 0 0 0 0; 0 0 0 0 0 0 0 0 0 0 0 0 0 0 0 0 0 0 0 0; 0 0 0 0 0 0 0 0 0 0 0 0 0 0 0 0 0 0 0 0; 0 0 0 0 0 0 0 0 0 0 0 0 0 0 0 0 0 0 0 0; 0 0 0 0 0 0 0 0 0 0 0 0 0 0 0 0 0 0 0 0; 0 0 0 0 0 0 0 0 0 0 0 0 0 0 0 0 0 0 0 0], Int8[1 3 3 2 1 0 0 0 0 0 0 0 0 0 0 0 0 0 0 0; 4 4 5 4 2 0 0 0 0 0 0 0 0 0 0 0 0 0 0 0; 4 5 5 4 2 0 0 0 0 0 0 0 0 0 0 0 0 0 0 0; 3 1 2 0 0 0 0 0 0 0 0 0 0 0 0 0 0 0 0 0; 3 3 3 0 0 0 0 0 0 0 0 0 0 0 0 0 0 0 0 0; 2 3 3 0 0 0 0 0 0 0 0 0 0 0 0 0 0 0 0 0; 2 2 2 0 0 0 0 0 0 0 0 0 0 0 0 0 0 0 0 0; 3 3 2 1 0 0 0 0 0 0 0 0 0 0 0 0 0 0 0 0; 3 2 2 0 1 0 0 0 0 0 0 0 0 0 0 0 0 0 0 0; 2 1 1 2 0 0 0 0 0 0 0 0 0 0 0 0 0 0 0 0; 2 3 3 1 1 1 0 0 0 0 0 0 0 0 0 0 0 0 0 0; 2 3 3 1 1 1 0 0 0 0 0 0 0 0 0 0 0 0 0 0; 2 2 2 2 1 1 1 0 0 0 0 0 0 0 0 0 0 0 0 0; 0 0 0 2 2 0 0 0 0 0 0 0 0 0 0 0 0 0 0 0; 2 2 0 2 2 0 3 3 5 5 4 4 0 0 0 0 0 0 0 0; 2 2 0 3 3 0 3 6 5 6 6 4 0 0 0 0 0 0 0 0; 4 4 0 6 5 0 5 5 5 7 7 6 0 0 0 0 0 0 0 0; 5 5 6 8 7 6 6 5 0 0 5 5 0 0 0 0 0 0 0 0; 4 4 4 8 7 5 5 6 0 0 3 3 0 0 0 0 0 0 0 0; 3 3 4 7 6 4 5 3 0 0 3 3 0 0 0 0 0 0 0 0], Int8[1 1 1 1 0 0 0 0 0 0 0 0 0 2 4 5 3 3 3 2; 2 2 2 0 0 0 0 0 0 0 0 0 0 2 5 5 3 3 3 1; 2 2 2 0 0 0 0 0 0 0 0 0 0 2 4 6 5 4 0 0; 2 1 1 0 0 0 0 0 0 0 0 0 0 0 0 0 5 4 0 0; 2 2 2 0 0 0 0 0 0 0 0 0 0 0 0 0 4 4 0 0; 2 2 3 0 0 0 0 0 0 0 0 0 0 2 3 5 5 4 0 0; 2 2 2 0 0 0 0 0 0 0 0 0 0 1 4 5 5 5 0 0; 2 2 2 1 1 0 0 0 0 0 0 0 0 3 5 6 6 7 5 3; 2 2 2 1 1 0 0 0 0 0 0 0 0 3 4 7 8 5 5 4; 2 1 2 2 0 0 0 0 0 1 0 0 0 3 5 6 6 5 5 4; 1 2 2 2 2 2 2 3 2 1 2 3 4 5 4 0 0 3 2 3; 0 0 2 1 2 2 2 2 2 1 2 3 5 5 5 0 0 3 3 3; 0 0 1 2 2 2 2 2 2 2 2 3 4 4 4 0 0 3 2 2; 0 0 0 0 1 0 0 0 0 0 0 0 0 3 4 0 0 2 1 1; 0 0 0 0 0 0 0 0 0 0 0 0 0 3 4 0 0 2 2 2; 0 0 0 0 0 0 0 0 0 0 0 0 0 2 3 3 2 3 3 2; 0 0 0 0 0 0 0 0 0 0 0 0 0 3 3 3 3 3 1 1; 0 0 0 0 0 0 0 0 0 0 0 0 0 2 2 3 3 3 1 1; 0 0 0 0 0 0 0 0 0 0 0 0 0 1 1 2 2 0 0 0; 0 0 0 0 0 0 0 0 0 0 0 0 0 1 1 1 1 0 0 0]]";[0.0, 11.0, 8.0];[0.0, 10.44030650891055, 8.0];[11.0, 0.0, 16.0];[10.44030650891055, 0.0, 14.866068747318506];[8.0, 16.0, 0.0];[8.0, 14.866068747318506, 0.0]
29;0.9974424552429667;"MMatrix[Int8[1 2 3 2 2 0 1 0 0 0 0 2 0 0 0 0 0 0 0 0; 2 4 4 3 2 0 3 0 0 0 0 3 0 0 0 0 0 0 0 0; 3 3 4 3 2 0 6 5 5 6 6 5 0 0 0 0 0 0 0 0; 3 2 2 0 0 0 6 6 5 7 7 6 0 0 0 0 0 0 0 0; 2 2 3 0 0 0 6 5 0 0 4 4 0 0 0 0 0 0 0 0; 2 3 3 0 0 0 5 4 0 0 3 4 0 0 0 0 0 0 0 0; 2 2 5 0 0 0 5 5 0 0 3 4 0 0 0 0 0 0 0 0; 3 5 5 5 3 0 5 6 5 5 5 4 0 0 0 0 0 0 0 0; 3 3 6 5 4 0 4 3 5 4 4 3 0 0 0 0 0 0 0 0; 2 2 6 6 0 0 0 0 0 3 3 2 0 0 0 0 0 0 0 0; 2 3 5 3 3 2 2 2 3 4 3 2 0 0 0 0 0 0 0 0; 2 2 3 3 2 2 2 3 3 3 2 2 0 0 0 0 0 0 0 0; 1 1 2 1 1 2 3 2 2 2 1 1 1 0 0 0 0 0 0 0; 0 0 0 1 1 0 0 0 0 0 0 0 0 0 0 0 0 0 0 0; 0 0 0 0 1 0 0 0 0 0 0 0 0 0 0 0 0 0 0 0; 0 0 0 0 0 0 0 0 0 0 0 0 0 0 0 0 0 0 0 0; 0 0 0 0 0 0 0 0 0 0 0 0 0 0 0 0 0 0 0 0; 0 0 0 0 0 0 0 0 0 0 0 0 0 0 0 0 0 0 0 0; 0 0 0 0 0 0 0 0 0 0 0 0 0 0 0 0 0 0 0 0; 0 0 0 0 0 0 0 0 0 0 0 0 0 0 0 0 0 0 0 0], Int8[1 3 3 2 1 0 0 0 0 0 0 0 0 0 0 0 0 0 0 0; 4 4 5 4 2 0 0 0 0 0 0 0 0 0 0 0 0 0 0 0; 4 5 5 4 2 0 0 0 0 0 0 0 0 0 0 0 0 0 0 0; 3 1 2 0 0 0 0 0 0 0 0 0 0 0 0 0 0 0 0 0; 3 3 3 0 0 0 0 0 0 0 0 0 0 0 0 0 0 0 0 0; 2 3 3 0 0 0 0 0 0 0 0 0 0 0 0 0 0 0 0 0; 2 2 2 0 0 0 0 0 0 0 0 0 0 0 0 0 0 0 0 0; 3 3 2 1 0 0 0 0 0 0 0 0 0 0 0 0 0 0 0 0; 3 2 2 0 1 0 0 0 0 0 0 0 0 0 0 0 0 0 0 0; 2 1 1 2 0 0 0 0 0 0 0 0 0 0 0 0 0 0 0 0; 2 3 3 1 1 1 0 0 0 0 0 0 0 0 0 0 0 0 0 0; 2 3 3 1 1 1 0 0 0 0 0 0 0 0 0 0 0 0 0 0; 2 2 2 2 1 1 1 0 0 0 0 0 0 0 0 0 0 0 0 0; 0 0 0 2 2 0 0 0 0 0 0 0 0 0 0 0 0 0 0 0; 2 2 0 2 2 0 3 3 5 5 4 4 0 0 0 0 0 0 0 0; 3 2 0 3 4 0 3 6 5 6 6 4 0 0 0 0 0 0 0 0; 5 5 0 7 6 0 5 5 5 7 7 6 0 0 0 0 0 0 0 0; 6 6 6 9 8 7 6 5 0 0 5 5 0 0 0 0 0 0 0 0; 5 5 5 9 8 5 5 6 0 0 3 3 0 0 0 0 0 0 0 0; 4 4 5 8 7 4 5 3 0 0 3 3 0 0 0 0 0 0 0 0], Int8[1 1 1 1 0 0 0 0 0 0 0 0 0 2 4 5 3 3 3 2; 2 2 2 0 0 0 0 0 0 0 0 0 0 2 5 5 3 3 3 1; 2 2 2 0 0 0 0 0 0 0 0 0 0 2 4 6 5 4 0 0; 2 1 1 0 0 0 0 0 0 0 0 0 0 0 0 0 5 4 0 0; 2 2 2 0 0 0 0 0 0 0 0 0 0 0 0 0 4 4 0 0; 2 2 3 0 0 0 0 0 0 0 0 0 0 3 3 6 6 5 0 0; 2 2 2 0 0 0 0 0 0 0 0 0 0 2 5 6 6 5 0 0; 2 2 2 1 1 0 0 0 0 0 0 0 0 4 6 7 7 7 5 3; 2 2 2 1 1 0 0 0 0 0 0 0 0 3 5 7 8 5 5 4; 2 1 2 2 0 0 0 0 0 1 0 0 0 3 5 6 6 5 5 4; 1 2 2 2 2 2 2 3 2 1 2 3 4 5 4 0 0 3 2 3; 0 0 2 1 2 2 2 2 2 1 2 3 5 5 5 0 0 3 3 3; 0 0 1 2 2 2 2 2 2 2 2 3 4 4 4 0 0 3 2 2; 0 0 0 0 1 0 0 0 0 0 0 0 0 3 4 0 0 2 1 1; 0 0 0 0 0 0 0 0 0 0 0 0 0 3 4 0 0 2 2 2; 0 0 0 0 0 0 0 0 0 0 0 0 0 2 3 3 2 3 3 2; 0 0 0 0 0 0 0 0 0 0 0 0 0 3 3 3 3 3 1 1; 0 0 0 0 0 0 0 0 0 0 0 0 0 2 2 3 3 3 1 1; 0 0 0 0 0 0 0 0 0 0 0 0 0 1 1 2 2 0 0 0; 0 0 0 0 0 0 0 0 0 0 0 0 0 1 1 1 1 0 0 0]]";[0.0, 11.0, 10.0];[0.0, 10.295630140987, 7.615773105863909];[11.0, 0.0, 17.0];[10.295630140987, 0.0, 16.97056274847714];[10.0, 17.0, 0.0];[7.615773105863909, 16.97056274847714, 0.0]
30;0.9974424552429667;"MMatrix[Int8[1 2 3 2 2 0 1 0 0 0 0 2 0 0 0 0 0 0 0 0; 2 4 4 3 2 0 3 0 0 0 0 3 0 0 0 0 0 0 0 0; 3 3 4 3 2 0 6 5 5 6 6 5 0 0 0 0 0 0 0 0; 3 2 2 0 0 0 6 6 5 7 7 6 0 0 0 0 0 0 0 0; 2 2 3 0 0 0 6 5 0 0 4 4 0 0 0 0 0 0 0 0; 2 3 3 0 0 0 6 4 0 0 3 4 0 0 0 0 0 0 0 0; 2 2 5 0 0 0 6 6 0 0 3 4 0 0 0 0 0 0 0 0; 3 5 5 5 3 0 6 7 6 5 5 4 0 0 0 0 0 0 0 0; 3 3 6 5 4 0 4 4 6 5 4 3 0 0 0 0 0 0 0 0; 2 2 6 6 0 0 0 0 0 3 3 2 0 0 0 0 0 0 0 0; 2 3 5 3 3 2 2 2 3 4 3 2 0 0 0 0 0 0 0 0; 2 2 3 3 2 2 2 3 3 3 2 2 0 0 0 0 0 0 0 0; 1 1 2 1 1 2 3 2 2 2 1 1 1 0 0 0 0 0 0 0; 0 0 0 1 1 0 0 0 0 0 0 0 0 0 0 0 0 0 0 0; 0 0 0 0 1 0 0 0 0 0 0 0 0 0 0 0 0 0 0 0; 0 0 0 0 0 0 0 0 0 0 0 0 0 0 0 0 0 0 0 0; 0 0 0 0 0 0 0 0 0 0 0 0 0 0 0 0 0 0 0 0; 0 0 0 0 0 0 0 0 0 0 0 0 0 0 0 0 0 0 0 0; 0 0 0 0 0 0 0 0 0 0 0 0 0 0 0 0 0 0 0 0; 0 0 0 0 0 0 0 0 0 0 0 0 0 0 0 0 0 0 0 0], Int8[1 3 3 2 1 0 0 0 0 0 0 0 0 0 0 0 0 0 0 0; 4 4 5 4 2 0 0 0 0 0 0 0 0 0 0 0 0 0 0 0; 4 5 5 4 2 0 0 0 0 0 0 0 0 0 0 0 0 0 0 0; 3 1 2 0 0 0 0 0 0 0 0 0 0 0 0 0 0 0 0 0; 3 3 3 0 0 0 0 0 0 0 0 0 0 0 0 0 0 0 0 0; 2 3 3 0 0 0 0 0 0 0 0 0 0 0 0 0 0 0 0 0; 2 2 2 0 0 0 0 0 0 0 0 0 0 0 0 0 0 0 0 0; 3 3 2 1 0 0 0 0 0 0 0 0 0 0 0 0 0 0 0 0; 3 2 2 0 1 0 0 0 0 0 0 0 0 0 0 0 0 0 0 0; 2 1 1 2 0 0 0 0 0 0 0 0 0 0 0 0 0 0 0 0; 2 3 3 1 1 1 0 0 0 0 0 0 0 0 0 0 0 0 0 0; 2 3 3 1 1 1 0 0 0 0 0 0 0 0 0 0 0 0 0 0; 2 2 2 2 2 1 1 0 0 0 0 0 0 0 0 0 0 0 0 0; 0 0 0 3 3 0 0 0 0 0 0 0 0 0 0 0 0 0 0 0; 2 2 0 3 3 0 3 3 5 5 4 4 0 0 0 0 0 0 0 0; 3 2 0 4 4 0 3 6 5 6 6 4 0 0 0 0 0 0 0 0; 5 5 0 8 7 0 5 5 5 7 7 6 0 0 0 0 0 0 0 0; 6 6 7 10 9 7 6 5 0 0 5 5 0 0 0 0 0 0 0 0; 5 5 5 9 9 5 5 6 0 0 3 3 0 0 0 0 0 0 0 0; 4 4 5 8 7 4 5 3 0 0 3 3 0 0 0 0 0 0 0 0], Int8[1 1 1 1 0 0 0 0 0 0 0 0 0 2 4 5 3 3 3 2; 2 2 2 0 0 0 0 0 0 0 0 0 0 2 5 5 3 3 3 1; 2 2 2 0 0 0 0 0 0 0 0 0 0 2 4 6 5 5 0 0; 2 1 1 0 0 0 0 0 0 0 0 0 0 0 0 0 6 5 0 0; 2 2 2 0 0 0 0 0 0 0 0 0 0 0 0 0 5 5 0 0; 2 2 3 0 0 0 0 0 0 0 0 0 0 3 4 7 7 5 0 0; 2 2 2 0 0 0 0 0 0 0 0 0 0 2 5 7 7 6 0 0; 2 2 2 1 1 0 0 0 0 0 0 0 0 4 6 8 8 8 5 3; 2 2 2 1 1 0 0 0 0 0 0 0 0 3 5 7 8 6 5 4; 2 1 2 2 0 0 0 0 0 1 0 0 0 3 5 6 6 5 5 4; 1 2 2 2 2 2 2 3 2 1 2 3 4 5 4 0 0 3 2 3; 0 0 2 1 2 2 2 2 2 1 2 3 5 5 5 0 0 3 3 3; 0 0 1 2 2 2 2 2 2 2 2 3 4 4 4 0 0 3 2 2; 0 0 0 0 1 0 0 0 0 0 0 0 0 3 4 0 0 2 1 1; 0 0 0 0 0 0 0 0 0 0 0 0 0 3 4 0 0 2 2 2; 0 0 0 0 0 0 0 0 0 0 0 0 0 2 3 3 2 3 3 2; 0 0 0 0 0 0 0 0 0 0 0 0 0 3 3 3 3 3 1 1; 0 0 0 0 0 0 0 0 0 0 0 0 0 2 2 3 3 3 1 1; 0 0 0 0 0 0 0 0 0 0 0 0 0 1 1 2 2 0 0 0; 0 0 0 0 0 0 0 0 0 0 0 0 0 1 1 1 1 0 0 0]]";[0.0, 10.0, 11.0];[0.0, 7.280109889280518, 11.40175425099138];[10.0, 0.0, 15.0];[7.280109889280518, 0.0, 16.401219466856727];[11.0, 15.0, 0.0];[11.40175425099138, 16.401219466856727, 0.0]
31;0.9974424552429667;"MMatrix[Int8[1 2 3 2 2 0 1 0 0 0 0 2 0 0 0 0 0 0 0 0; 2 4 4 3 2 0 3 0 0 0 0 3 0 0 0 0 0 0 0 0; 3 3 4 3 2 0 6 5 5 6 6 5 0 0 0 0 0 0 0 0; 3 2 2 0 0 0 6 6 5 7 7 6 0 0 0 0 0 0 0 0; 2 2 3 0 0 0 6 5 0 0 4 4 0 0 0 0 0 0 0 0; 2 3 3 0 0 0 6 4 0 0 3 4 0 0 0 0 0 0 0 0; 2 2 5 0 0 0 6 7 0 0 4 5 0 0 0 0 0 0 0 0; 3 5 5 5 3 0 6 8 7 6 6 5 0 0 0 0 0 0 0 0; 3 3 6 5 4 0 5 5 7 5 5 4 0 0 0 0 0 0 0 0; 2 2 6 6 0 0 0 0 0 4 4 3 0 0 0 0 0 0 0 0; 2 3 5 3 3 2 2 2 3 5 4 3 0 0 0 0 0 0 0 0; 2 2 3 3 2 2 2 3 3 4 2 2 0 0 0 0 0 0 0 0; 1 1 2 1 1 2 3 2 2 2 1 1 1 0 0 0 0 0 0 0; 0 0 0 1 1 0 0 0 0 0 0 0 0 0 0 0 0 0 0 0; 0 0 0 0 1 0 0 0 0 0 0 0 0 0 0 0 0 0 0 0; 0 0 0 0 0 0 0 0 0 0 0 0 0 0 0 0 0 0 0 0; 0 0 0 0 0 0 0 0 0 0 0 0 0 0 0 0 0 0 0 0; 0 0 0 0 0 0 0 0 0 0 0 0 0 0 0 0 0 0 0 0; 0 0 0 0 0 0 0 0 0 0 0 0 0 0 0 0 0 0 0 0; 0 0 0 0 0 0 0 0 0 0 0 0 0 0 0 0 0 0 0 0], Int8[1 3 3 2 1 0 0 0 0 0 0 0 0 0 0 0 0 0 0 0; 4 4 5 4 2 0 0 0 0 0 0 0 0 0 0 0 0 0 0 0; 4 5 5 4 2 0 0 0 0 0 0 0 0 0 0 0 0 0 0 0; 3 1 2 0 0 0 0 0 0 0 0 0 0 0 0 0 0 0 0 0; 3 3 3 0 0 0 0 0 0 0 0 0 0 0 0 0 0 0 0 0; 2 3 3 0 0 0 0 0 0 0 0 0 0 0 0 0 0 0 0 0; 2 2 2 0 0 0 0 0 0 0 0 0 0 0 0 0 0 0 0 0; 3 3 2 1 0 0 0 0 0 0 0 0 0 0 0 0 0 0 0 0; 3 2 2 0 1 0 0 0 0 0 0 0 0 0 0 0 0 0 0 0; 2 1 1 2 0 0 0 0 0 0 0 0 0 0 0 0 0 0 0 0; 2 3 3 1 1 1 0 0 0 0 0 0 0 0 0 0 0 0 0 0; 2 3 3 2 1 1 0 0 0 0 0 0 0 0 0 0 0 0 0 0; 2 2 2 3 3 2 1 0 0 0 0 0 0 0 0 0 0 0 0 0; 0 0 0 4 4 0 0 0 0 0 0 0 0 0 0 0 0 0 0 0; 2 2 0 3 4 0 3 3 5 5 4 4 0 0 0 0 0 0 0 0; 3 2 0 5 5 0 3 6 5 6 6 4 0 0 0 0 0 0 0 0; 5 5 0 9 8 0 5 5 5 7 7 6 0 0 0 0 0 0 0 0; 6 6 7 11 9 7 6 5 0 0 5 5 0 0 0 0 0 0 0 0; 5 5 5 9 9 5 5 6 0 0 3 3 0 0 0 0 0 0 0 0; 4 4 5 8 7 4 5 3 0 0 3 3 0 0 0 0 0 0 0 0], Int8[1 1 1 1 0 0 0 0 0 0 0 0 0 2 4 6 4 4 4 3; 2 2 2 0 0 0 0 0 0 0 0 0 0 2 5 6 4 4 4 1; 2 2 2 0 0 0 0 0 0 0 0 0 0 2 5 7 6 5 0 0; 2 1 1 0 0 0 0 0 0 0 0 0 0 0 0 0 7 6 0 0; 2 2 2 0 0 0 0 0 0 0 0 0 0 0 0 0 6 6 0 0; 2 2 3 0 0 0 0 0 0 0 0 0 0 3 4 7 7 6 0 0; 2 2 2 0 0 0 0 0 0 0 0 0 0 2 5 7 7 6 0 0; 2 2 2 1 1 0 0 0 0 0 0 0 0 4 6 8 8 8 5 3; 2 2 2 1 1 0 0 0 0 0 0 0 0 3 5 7 8 6 5 4; 2 1 2 2 0 0 0 0 0 1 0 0 0 3 5 6 6 5 5 4; 1 2 2 2 2 2 2 3 2 1 2 3 4 5 4 0 0 3 2 3; 0 0 2 1 2 2 2 2 2 1 2 3 5 5 5 0 0 3 3 3; 0 0 1 2 2 2 2 2 2 2 2 3 4 4 4 0 0 3 2 2; 0 0 0 0 1 0 0 0 0 0 0 0 0 3 4 0 0 2 1 1; 0 0 0 0 0 0 0 0 0 0 0 0 0 3 4 0 0 2 2 2; 0 0 0 0 0 0 0 0 0 0 0 0 0 2 3 3 2 3 3 2; 0 0 0 0 0 0 0 0 0 0 0 0 0 3 3 3 3 3 1 1; 0 0 0 0 0 0 0 0 0 0 0 0 0 2 2 3 3 3 1 1; 0 0 0 0 0 0 0 0 0 0 0 0 0 1 1 2 2 0 0 0; 0 0 0 0 0 0 0 0 0 0 0 0 0 1 1 1 1 0 0 0]]";[0.0, 7.0, 11.0];[0.0, 8.48528137423857, 10.0];[7.0, 0.0, 17.0];[8.48528137423857, 0.0, 18.439088914585774];[11.0, 17.0, 0.0];[10.0, 18.439088914585774, 0.0]
32;1.0;"MMatrix[Int8[1 2 3 2 2 0 1 0 0 0 0 2 0 0 0 0 0 0 0 0; 2 4 4 3 2 0 3 0 0 0 0 3 0 0 0 0 0 0 0 0; 3 3 4 3 2 0 6 5 5 6 6 5 0 0 0 0 0 0 0 0; 3 2 2 0 0 0 6 7 5 7 7 6 0 0 0 0 0 0 0 0; 2 2 3 0 0 0 7 6 0 0 4 4 0 0 0 0 0 0 0 0; 2 3 3 0 0 0 7 5 0 0 3 4 0 0 0 0 0 0 0 0; 2 2 5 0 0 0 7 7 0 0 4 5 0 0 0 0 0 0 0 0; 3 5 5 5 3 0 7 9 8 6 6 5 0 0 0 0 0 0 0 0; 3 3 6 5 4 0 6 6 8 6 5 4 0 0 0 0 0 0 0 0; 2 2 6 6 0 0 0 0 0 4 4 3 0 0 0 0 0 0 0 0; 2 3 5 3 3 2 2 2 3 5 4 3 0 0 0 0 0 0 0 0; 2 2 3 3 2 2 2 3 3 4 2 2 0 0 0 0 0 0 0 0; 1 1 2 1 1 2 3 2 2 2 1 1 1 0 0 0 0 0 0 0; 0 0 0 1 1 0 0 0 0 0 0 0 0 0 0 0 0 0 0 0; 0 0 0 0 1 0 0 0 0 0 0 0 0 0 0 0 0 0 0 0; 0 0 0 0 0 0 0 0 0 0 0 0 0 0 0 0 0 0 0 0; 0 0 0 0 0 0 0 0 0 0 0 0 0 0 0 0 0 0 0 0; 0 0 0 0 0 0 0 0 0 0 0 0 0 0 0 0 0 0 0 0; 0 0 0 0 0 0 0 0 0 0 0 0 0 0 0 0 0 0 0 0; 0 0 0 0 0 0 0 0 0 0 0 0 0 0 0 0 0 0 0 0], Int8[1 3 3 2 1 0 0 0 0 0 0 0 0 0 0 0 0 0 0 0; 4 4 5 4 2 0 0 0 0 0 0 0 0 0 0 0 0 0 0 0; 4 5 5 4 2 0 0 0 0 0 0 0 0 0 0 0 0 0 0 0; 3 1 2 0 0 0 0 0 0 0 0 0 0 0 0 0 0 0 0 0; 3 3 3 0 0 0 0 0 0 0 0 0 0 0 0 0 0 0 0 0; 2 3 3 0 0 0 0 0 0 0 0 0 0 0 0 0 0 0 0 0; 2 2 2 0 0 0 0 0 0 0 0 0 0 0 0 0 0 0 0 0; 3 3 2 1 0 0 0 0 0 0 0 0 0 0 0 0 0 0 0 0; 3 2 2 0 1 0 0 0 0 0 0 0 0 0 0 0 0 0 0 0; 2 1 1 2 0 0 0 0 0 0 0 0 0 0 0 0 0 0 0 0; 2 3 3 2 2 2 1 1 0 0 0 0 0 0 0 0 0 0 0 0; 2 3 3 3 2 2 1 1 0 0 0 0 0 0 0 0 0 0 0 0; 2 2 3 4 4 2 2 1 1 0 0 0 0 0 0 0 0 0 0 0; 0 0 0 5 5 0 0 0 0 0 0 0 0 0 0 0 0 0 0 0; 2 2 0 4 4 0 3 3 5 5 4 4 0 0 0 0 0 0 0 0; 3 2 0 5 5 0 3 6 5 6 6 4 0 0 0 0 0 0 0 0; 5 5 0 9 8 0 5 5 5 7 7 6 0 0 0 0 0 0 0 0; 6 6 7 11 9 7 6 5 0 0 5 5 0 0 0 0 0 0 0 0; 5 5 5 9 9 5 5 6 0 0 3 3 0 0 0 0 0 0 0 0; 4 4 5 8 7 4 5 3 0 0 3 3 0 0 0 0 0 0 0 0], Int8[1 1 1 1 0 0 0 0 0 0 0 0 0 2 4 6 5 5 5 3; 2 2 2 0 0 0 0 0 0 0 0 0 0 2 5 6 4 5 5 2; 2 2 2 0 0 0 0 0 0 0 0 0 0 2 5 7 6 6 0 0; 2 1 1 0 0 0 0 0 0 0 0 0 0 0 0 0 7 6 0 0; 2 2 2 0 0 0 0 0 0 0 0 0 0 0 0 0 6 6 0 0; 2 2 3 0 0 0 0 0 0 0 0 0 0 3 4 7 7 6 0 0; 2 2 2 0 0 0 0 0 0 0 0 0 0 2 5 7 7 6 0 0; 2 2 2 1 1 0 0 0 0 0 0 0 0 4 6 8 8 8 5 3; 2 2 2 1 1 0 0 0 0 0 0 0 0 3 5 7 8 6 5 4; 2 1 2 2 0 0 0 0 0 1 0 0 0 3 5 6 6 5 5 4; 1 2 2 2 2 2 2 3 2 1 2 3 4 5 4 0 0 3 2 3; 0 0 2 1 2 2 2 2 2 1 2 3 5 5 5 0 0 3 3 3; 0 0 1 2 2 2 2 2 2 2 2 3 4 4 4 0 0 3 2 2; 0 0 0 0 1 0 0 0 0 0 0 0 0 3 4 0 0 2 1 1; 0 0 0 0 0 0 0 0 0 0 0 0 0 3 4 0 0 2 2 2; 0 0 0 0 0 0 0 0 0 0 0 0 0 2 3 3 2 3 3 2; 0 0 0 0 0 0 0 0 0 0 0 0 0 3 3 3 3 3 1 1; 0 0 0 0 0 0 0 0 0 0 0 0 0 2 2 3 3 3 1 1; 0 0 0 0 0 0 0 0 0 0 0 0 0 1 1 2 2 0 0 0; 0 0 0 0 0 0 0 0 0 0 0 0 0 1 1 1 1 0 0 0]]";[0.0, 7.0, 15.0];[0.0, 6.324555320336759, 13.416407864998739];[7.0, 0.0, 17.0];[6.324555320336759, 0.0, 18.439088914585774];[15.0, 17.0, 0.0];[13.416407864998739, 18.439088914585774, 0.0]
